date,CCS,Coal(KG/T),Bentonite(KG/T),Organic binder(KG,Furnance oil(LITR/T),i/m speed (m/min),Total Bed height (mm),lime + Coal(%),T1,T2,T3,T4,T5,T6,T7,T8,Fixed Carbon of Coal (%),production quantity,Tumble Index%,Abration Index%,Mean Dia(mm),Porosity Pellet%,Input Fe( Raw material)%,Output Fe(Pellets)%
6/30/2023,198,13.27,3.89,475,14.19,3.22,511.3333333,3.133333333,915,1025,1145,1155,1260,1160,1200,1203.333333,73.53,11305,93.51,5,12.4,23.96,62.54,63.1
6/29/2023,192,13.25,3.99,385,13.95,4.04,508,2.966666667,900,1000,1143.333333,1138.333333,1275,1106.666667,1200,1455,70.95,11775,93.14,5.23,12.37,24.32,62.43,63.21
6/28/2023,192,13.53,3.8,345,14.76,2.786666667,510,3.166666667,900,1000,1133.333333,1153.333333,1270,1146.666667,1200,1340,71.78,12120,93.1,5.14,12.39,23.65,62.55,63.39
7/22/2023,197,13.1,4,800,14.48,3.05,500,2.7,950,1080,980,1170,1340,1220,1210,1340,72.34,12515,93.67,4.69,12.27,23.48,61.96,63.03
7/23/2023,196,12.74,4.09,800,15,2.733333333,487,3.5,926,1026,1130,1155,1264,1190,1213,1302,76.97,12480,93.54,4.62,12.01,23.42,62.18,63.25
09-12-2023,189,12.1,6.09,804.4930807,13.66,3.153333333,505,3.4,930,1040,1150,1250,1300,1300,1300,1300,83.49,13145,93.35,4.79,12.37,23.31,62.14,63.21
07-10-2023,203,11.89,4.02,650,16.19,2.94,500,2.666666667,950,1050,1150,1170,1300,1210,1210,1250,83.44,11185,93.88,4.28,12.22,22.82,62.55,63.4
7/18/2023,197,11.48,3.94,750,14.21,3,500,2,950,1150,1050,1170,1300,1210,1210,1250,70.02,12195,93.03,5.31,12.27,23.84,62.31,63.22
7/20/2023,203,13.55,3.95,750,14.07,3,490,2.8,950,1050,1150,1170,1300,1210,1210,1250,80.29,12395,93.44,4.8,12.36,23.6,62.11,63.05
7/17/2023,200,11.22,4.01,750,15.11,3,496,2,950,1050,1170,1300,1210,1210,1210,1250,84.05,12475,93.91,4.56,12.44,24.02,62.38,63.27
7/19/2023,193,13.97,3.99,750,13.03,2.92,500,2.666666667,950,1050,1150,1170,1300,1210,1210,1250,71.51,12525,92.68,5.29,12.5,23.81,62.13,63.05
7/16/2023,201,13.41,4.02,750,13.65,2.98,500,2.6,950,1050,1130,1170,1300,1210,1210,1250,84.74,12675,93.86,4.51,12.17,23.91,62.21,63.21
7/21/2023,198,12.46,4,800,13.71,3.05,500,2.5,950,1150,1050,1170,1300,1210,1210,1250,78.98,13005,93.67,4.6,12.52,23.62,61.89,62.99
7/26/2023,199,13.55,3.97,750,14.63,3.01,483,2.833333333,930,1050,1150,1220,1280,1210,1210,1243.333333,83.75,11585,93.37,5.08,12.47,23.67,61.92,63.17
05-05-2023,182,13.51,5.72,200,11.99,3.06,505.6666667,3.2,900,1000,1180,1180,1260,1200,1200,1240,83.72,13105,93.37,4.76,12.38,24.25,62.88,63.51
7/25/2023,199,13.28,3.94,800,13.64,3,476.3333333,2.6,950,1050,1150,1170,1280,1210,1210,1230,86.59,12425,93.11,5.18,12.5,23.92,62.14,63.39
06-08-2023,185,14.24,5.94,375,17.35,2.7,640.5,3.1,920,1020,1120,1120,1160,1260,1200,1200,81.53,7235,92.51,5.52,12.34,24.16,62.4,63
08-12-2023,201,13.79,4.1,500,19.42,3.09,455,2.8,920,1020,1120,1230,1300,1200,1200,1200,82.95,10005,93.73,4.57,12.5,23.66,62.12,63.31
20-Apr,193,14.16,6.18,,11,2.716666667,560,2.7,900,1000,1120,1180,1270,1200,1200,1200,85.62,10030,93.62,4.89,12.43,23.92,62.8,63.61
8/13/2023,201,12.02,3.97,500,19.5,3.04,430,2.766666667,920,1000,1130,1200,1200,1200,1200,1200,83.1,10070,93.6,4.58,12.2,23.75,62.58,63.49
30-Jan,189,14,5.45,345,14,2.613333333,491,3.366666667,910,1050,1200,1250,1300,1300,1280,1200,84.55,11000,93.11,5.15,11.98,24.04,61.84,62.51
6/27/2023,196,14.06,3.76,395,14.77,2.936666667,475,3.333333333,920,1020,1120,1170,1260,1210,1210,1200,81.87,11170,93.54,4.63,12.34,23.95,62.59,63.42
05-11-2023,201,11.89,5.81,0,12.96,2.8,480.8333333,3.1,900,990,1140,1170,1250,1200,1200,1200,84.03,11190,93.57,4.55,12.28,23.41,62.55,63.32
29-Jan,183,14,4.81,150,15,2.85,514.5,3.466666667,910,1050,1200,1250,1300,1300,1280,1200,85.34,11215,92.95,5.1,11.82,24.12,61.81,62.65
9/18/2023,195,11.82,6,0,13.45,3.15,471,2.9,930,1050,1150,1250,1300,1300,1250,1200,82.75,11505,93.2,4.75,12.1,23.15,62.31,63.35
8/15/2023,201,11.65,4.06,575,13.64,2.893333333,466,3.2,900,1000,1110,1200,1280,1300,1200,1200,84.05,11585,93.64,4.66,11.79,23.13,62.42,63.53
02-Apr,195,11.27,5.98,,12,2.88,514.5,3.933333333,900,1010,1110,1200,1255,1280,1200,1200,,11715,93.39,4.99,12.16,23.03,62.87,63.55
15-Mar,195,10.57,3.58,,11,2.84,515,3.3,900,1010,1110,1200,1270,1280,1200,1200,,12010,93.67,5.1,12.17,22.62,62.91,63.71
28-Jan,181,14.05,4.82,360,15,2.936666667,508.1666667,3.5,906.6666667,1050,1183.333333,1250,1300,1300,1280,1200,84.17,12030,92.92,5.23,11.82,23.77,61.78,62.78
27-Jan,178,13.93,4.98,200,15,2.93,517.5,3.5,900,1050,1150,1250,1300,1300,1280,1200,86.44,12058,92.93,5.06,11.74,24.11,61.68,62.65
6/25/2023,196,13.43,3.79,0,14.2,2.94,494.5,4,920,1020,1120,1170,1260,1220,1210,1200,66.19,12135,93.38,4.83,12.49,23.64,62.49,63.1
6/26/2023,193,15.38,3.78,305,13.83,3,480,3.733333333,920,1020,1120,1170,1260,1210,1210,1200,82.32,12160,93.6,4.73,12.35,23.8,62.62,63.3
7/15/2023,200,13.31,3.94,675,14.56,3.02,495,3,950,1030,1130,1170,1300,1210,1210,1200,83.85,12175,93.74,4.45,12.06,24.04,62.22,63.24
12/27/2022,202,13.47,6.05,0,13.42,2.98,500,3.4,900,1000,1100,1150,1260,1280,1150,1200,,12400,94.11,4.38,12.13,24.27,62.51,63.24
21-Apr,190,14.14,6.3,443.5714286,12,3,524.8333333,2.7,900,1000,1120,1180,1260,1200,1200,1200,84.86,13010,93.39,4.87,12.36,23.9,62.74,63.41
17-Apr,192,14.21,6.15,400,12,3.04,508,3.3,900,1000,1120,1180,1270,1200,1200,1200,86.37333333,13015,93.38,5.16,12.57,24.26,62.78,63.54
16-Apr,194,14.21,6.22,,12,3.04,511.8333333,3.2,900,1000,1120,1180,1270,1200,1200,1200,70.67,13020,93.5,4.89,12.38,23.72,62.99,63.61
15-Apr,193,14.25,6.28,,12,3,510.3333333,3.3,900,1000,1120,1180,1270,1200,1200,1200,72.56,13050,93.37,4.85,12.45,23.41,63.04,63.82
18-Apr,195,14.17,6.13,,11,3,507.6666667,3.3,900,1000,1120,1180,1270,1200,1200,1200,84.33,13060,93.39,5.01,12.36,24.16,62.75,63.53
14-Apr,194,12.9,6.11,,12,3,513.5,3.3,900,1000,1000,1120,1180,1270,1200,1200,73.79,13100,92.88,5.36,12.45,23.64,62.92,63.6
13-Apr,195,12.89,6.18,,13,3,506,3.3,900,1000,1120,1180,1270,1200,1200,1200,69.86,13110,93.38,5.02,12.56,22.92,62.92,63.65
5/28/2023,200,13.9,5.63,0,15.08,2.97,471,3.75,900,1020,1120,1170,1260,1200,1200,1190,81.18,11005,92.85,5.31,12.33,24.05,62.63,63.13
07-11-2023,200,12.57,3.95,700,14.8,2.93,477.6666667,3,930,1030,1140,1170,1300,1210,1210,1190,0,11140,93.88,4.6,12.36,23.84,62.41,63.5
07-12-2023,198,11.74,4.14,650,14.42,2.896666667,485,2.85,930,1030,1140,1170,1300,1210,1210,1190,83.21,11585,93.44,4.89,11.95,23.72,62.54,63.58
19-Apr,193,14.21,6.07,,11,3.15,500.6666667,3,900,1000,1120,1180,1270,1200,1200,1190,85.31,13020,93.41,5.07,12.5,23.92,62.75,63.6
07-09-2023,203,11.93,6.02,0,17.69,2.59,471.6666667,3,930,1030,1140,1170,1300,1210,1210,1186.666667,83.6,9805,93.49,4.87,12.44,23.7,62.55,63.27
5/31/2023,198,13.82,6.03,0,13.77,3.07,443.1666667,3.65,910,1020,1130,1170,1260,1200,1200,1186.666667,84.88,11285,93.6,4.62,12.32,22.48,62.52,63.39
06-Apr,195,11,4.61,,12,2.826666667,501,3.533333333,913.3333333,1016.666667,1120,1200,1252,1280,1200,1183.333333,,5635,92.69,5.33,12.42,22.96,62.62,63.31
23-Mar,195,12.74,4,,12,2.88,514.5,3.933333333,913.3333333,1016.666667,1120,1200,1260,1280,1200,1183.333333,,12010,92.2,5.5,12.15,23.13,62.44,63.2
12/29/2022,198,14.47,5.97,0,12.44,2.9,505,3.5,900,1000,1100,1150,1260,1280,1150,1183.333333,,12720,93.36,5.07,12.02,23.23,62.87,63.43
12/30/2022,196,14.09,5.43,325,11.56,2.9,507,3.4,900,1000,1100,1150,1260,1280,1150,1183,,12705,93.66,4.78,11.86,22.7,62.69,63.53
6/14/2023,187,13.38,4.21,260,25.48,2.546666667,344,3.7,910,1010,1120,1170,1250,1200,1200,1180,86.71,4035,93.54,4.67,12.36,23.48,62.44,62.92
06-12-2023,189,14.03,5.92,666.6017007,15.58,2.75,450,3.3,910,1010,1120,1170,1240,1220,1200,1180,85.81,6415,93.51,4.4,12.28,24.14,62.02,63.03
5/26/2023,192,11.81,5.54,400,14.42,2.806666667,491.6666667,3.5,900,1000,1120,1170,1260,1200,1200,1180,83.3,11005,92.91,5.11,12.36,24.17,61.91,62.65
5/27/2023,199,13.98,5.81,0,13.76,2.78,498.3333333,3.7,900,1000,1120,1170,1260,1200,1200,1180,83.19,11015,93.53,4.89,12.12,22.71,62.25,62.9
05-12-2023,207,10.78,5.62,0,14.53,2.773333333,463.6666667,3.4,900,990,1140,1170,1260,1200,1200,1180,83.34,11035,93.69,4.49,12.3,22.83,62.42,63.17
07-02-2023,203,12.81,4.03,470,15.9,2.83,476.1666667,3.3,930,1030,1140,1170,1300,1210,1210,1180,84.16,11165,94.01,4.67,12.53,23.5,62.58,63.38
5/29/2023,198,13.5,5.66,0,13.81,2.9,476,3.75,900,1000,1130,1170,1260,1200,1200,1180,82.06,11480,93.52,4.53,12.2,23.83,63,63.84
5/30/2023,198,14.93,5.99,0,13.35,3.2,457.5,3.75,910,1010,1130,1170,1260,1200,1200,1180,81.41,11520,93.46,4.75,12.35,23.78,62.74,63.53
06-01-2023,189,13.89,5.83,617.4190476,13.34,3.143333333,470,3.45,910,1020,1130,1170,1260,1200,1200,1180,86.29,11660,93.5,4.67,12.39,23.21,62.64,63.49
07-03-2023,203,13.45,3.77,480,14.25,2.893333333,493.3333333,3.3,930,1030,1140,1170,1300,1210,1210,1180,84.51,11670,93.98,4.51,12.36,23.22,62.4,63.49
07-04-2023,195,12.87,3.58,380,14.23,2.995,497.5,3.3,930,1030,1140,1170,1290,1210,1210,1180,82.17,11730,93.82,4.56,12.29,23.04,62.05,63.16
7/13/2023,199,11.78,4.04,675,14.41,2.98,480,2.8,930,1030,1140,1170,1300,1210,1210,1180,85.01,11880,93.72,4.57,12.24,23.27,62.19,63.38
7/14/2023,199,11.32,4.02,675,15.58,2.92,490,2.9,930,1030,1140,1170,1300,1210,1210,1180,84.62,11930,93.64,4.55,12.32,23.6,62.19,63.37
8/28/2023,189,11.3,6.03,715.7843537,13.99,3.05,487,3.1,900,1000,1100,1220,1220,1300,1220,1180,84.31,11945,93.77,4.59,12.19,23.84,62.55,63.39
23-Apr,193,14.23,6.32,,13,2.943333333,496,2.7,900,1000,1120,1180,1260,1200,1200,1180,83.09,12020,93.58,4.63,12.03,24.1,62.98,63.71
24-Apr,189,14.3,6.2,489.2678571,12,2.97,477,2.7,900,1000,1120,1180,1260,1200,1200,1180,83.55,12100,93.3,5.09,11.95,24.05,63.06,63.81
22-Apr,193,14.21,6.2,,13,2.846666667,522.3333333,2.933333333,900,1000,1120,1180,1260,1200,1200,1180,85.57,12100,93.7,4.85,12.13,23.7,62.59,63.31
25-Apr,188,14.27,6.24,539,11,2.996666667,508.5,2.7,900,1000,1106.666667,1180,1260,1200,1200,1180,83.58,12825,93.06,5.39,12.27,23.92,63.05,63.77
26-Apr,181,14.29,6.29,500,12,2.996666667,514,2.8,900,1000,1100,1260,1200,1200,1180,1180,75.02,12875,93.5,4.82,12.5,23.56,62.94,63.82
27-Apr,183,12.09,6.24,600,12,3.06,507,2.9,900,1000,1100,1180,1260,1200,1200,1180,84.06,12990,93.52,4.71,12.31,23.63,62.89,63.64
7/27/2023,201,15.56,3.98,650,13.95,2.813333333,480,3.4,950,1050,1150,1200,1280,1183.333333,1150,1176.666667,77.35,11565,93.39,4.87,12.39,23.58,62.04,63.2
06-11-2023,183,13.29,5.29,120,14.82,2.716666667,470,3.5,910,1010,1120,1170,1260,1200,1200,1170,85.78,10010,93.31,4.91,12.35,24.01,62.02,62.98
6/15/2023,187,13.2,4.66,340,14.08,2.663333333,173,3.7,916.6666667,1020,1120,1170,1250,1200,1206.666667,1170,86.37,10300,93.58,4.43,12.24,23.67,62.34,63.02
06-03-2023,195,13.79,5.8,0,13.02,2.9,466.8333333,3.55,910,1010,1120,1170,1260,1200,1200,1170,85.67,10515,93.38,5.16,12.4,23.35,62.44,63.07
06-02-2023,188,13.3,5.65,544.6666667,13.02,2.823333333,482.6666667,3.45,910,1010,1120,1170,1260,1200,1200,1170,85.87,11500,93.68,4.62,12.46,23.66,62.54,63.28
29-Apr,185,13.22,3.84,600,11,3.02,513.5,3.216666667,900,1000,1100,1180,1260,1200,1200,1170,84.11,13010,93.56,4.75,12.45,23.42,62.85,63.58
6/17/2023,188,13.07,2.89,360,14.52,2.856666667,479.6666667,3.7,920,1020,1120,1170,1260,1200,1210,1160,85.89,10710,93.09,5.02,12.35,23.66,62.08,62.91
6/16/2023,194,13.03,3.14,360,13.95,2.8,481.5,3.7,920,1020,1120,1170,1250,1200,1210,1160,86.12,10825,93.65,4.64,12.42,23.92,62.32,63.05
5/25/2023,196,13.06,5.8,0,13.37,2.87,453.8333333,3.3,900,1000,1120,1170,1260,1260,1200,1160,83.29,11025,93.68,4.75,12.24,24.33,61.62,62.5
6/21/2023,201,12.84,3.98,440,15.02,2.913333333,473.5,3.7,920,1020,1120,1170,1260,1200,1210,1160,83.43,11055,93.64,4.47,12.65,23.07,62.16,62.88
6/18/2023,194,12.74,2.89,380,14.92,2.923333333,475,3.7,920,1020,1120,1170,1260,1200,1210,1160,85.72,11065,93.71,4.78,12.57,22.93,61.9,62.77
6/19/2023,197,12.76,2.79,360,14.82,2.983333333,476,3.7,920,1020,1120,1170,1260,1200,1210,1160,85.56,11130,94.02,4.47,12.21,23.84,61.86,62.72
6/22/2023,195,13.45,3.74,460,15.08,2.916666667,478.3333333,3.7,920,1020,1120,1170,1260,1200,1210,1160,86.55,11230,93.4,4.79,12.73,22.93,62.01,62.72
6/20/2023,190,12.71,3.73,300,15.32,2.876666667,465,3.7,920,1020,1120,1170,1260,1200,1210,1160,85.84,11255,93.47,4.56,12.59,23.86,61.8,62.79
30-Apr,185,13.45,3.13,600,11,3.06,509.3333333,3.283333333,900,1000,1100,1180,1260,1200,1200,1156.666667,83.46,12785,93.03,5.32,12.39,24.04,62.85,63.6
28-Apr,188,12.44,6.22,500,12,3.013333333,507.3333333,3.016666667,900,1000,1100,1180,1260,1200,1200,1156.666667,84.32,13020,93.16,4.89,12.26,23.98,62.76,63.57
5/24/2023,202,13.73,5.87,0,16.61,2.593333333,439.6666667,3.3,900,1000,1120,1170,1260,1200,1200,1150,0,7500,93.61,4.77,12.33,23.49,61.81,62.44
8/22/2023,193,12.45,4.06,375,17.83,3.04,465,3.4,920,1000,1100,1200,1280,1200,1200,1150,67.97,7630,93.32,4.95,12.21,23.43,62.21,63.4
06-09-2023,193,14.25,6.02,0,15.71,2.773333333,440.1666667,3.1,910,1010,1120,1170,1260,1200,1200,1150,82.23,8140,93.39,4.62,12.4,24.13,61.98,63.14
14-Apr,230,11.94,4.02,300,18,2.283333333,441.1666667,3.366666667,850,1000,1150,1243.333333,1256.666667,1270,1276.666667,1150,,8205,93.85,4.33,11.79,22.67,62.95,63.36
5/16/2023,200,13.98,5.88,0,14.91,2.813333333,405,3.5,900,990,1140,1170,1260,1200,1200,1150,82.51,8510,93.09,5.1,12.2,23.35,61.92,62.92
5/14/2023,206,14.57,4.78,0,16.16,2.616666667,475.6666667,3.5,900,990,1140,1170,1260,1200,1200,1150,83.24,8580,93.56,4.74,12.37,23.8,62.41,63.06
5/15/2023,205,14.61,4.87,0,15.65,2.666666667,434,3.5,900,990,1140,1170,1260,1200,1200,1150,82.79,8830,92.99,5.13,12.29,23.76,62.05,62.99
5/13/2023,212,8.29,4.25,0,14.43,2.67,468.5,3.4,900,990,1140,1170,1260,1200,1200,1150,83.59,9645,93.68,4.65,12.16,23.66,62.43,63.16
06-10-2023,182,13.94,4.98,120,15.21,2.773333333,457.8333333,3.3,910,1010,1120,1170,1260,1200,1200,1150,85.27,10045,92.62,5.45,12.4,24.14,61.56,62.62
13-May,229,9.05,3.99,300,17,2.75,476.6666667,3.05,900,1000,1100,1220,1280,1300,1310,1150,,10280,93.22,5.03,12.03,22.05,63.12,63.7
6/23/2023,199,13.4,3.74,450,13.96,2.9,483,3.8,920,1020,1120,1170,1260,1200,1210,1150,74.89,11495,93.59,4.64,12.55,23.51,62.12,62.95
6/24/2023,195,13.43,3.72,220,13.85,2.94,495,3.933333333,920,1020,1120,1170,1260,1220,1210,1150,82.05,11840,93.52,4.7,12.47,23.59,62.17,63.01
26-Jan,182,13.97,4.99,250,15,2.55,537.3333333,3.5,900,1050,1150,1250,1300,1300,1280,1150,85.83,12030,92.86,5.16,11.77,24.31,61.61,62.56
12/28/2022,203,14.03,6.05,0,13.02,2.9,501,4.1,900,1000,1100,1150,1260,1280,1150,1150,,12405,93.85,4.59,12.17,22.52,62.54,63.47
09-04-2023,189,12.86,6.11,757.2082993,13.64,2.87,477,3.2,936.6666667,1050,1180,1240,1300,1300,1180,1150,83.1,12440,93.55,4.81,12.05,23.72,62.29,63.36
14-May,209,8.99,3.98,500,14,2.45,435,3.2,900,1000,1100,1220,1280,1300,1310,1150,,12570,93.21,4.99,12.56,21.34,63.27,63.86
09-03-2023,190,12.7,6.07,309.7857143,13.09,3.15,482,3.2,950,1050,1180,1240,1300,1300,1180,1150,83.74,12680,93.48,4.45,11.98,23.54,62.15,63.28
9/19/2023,192,11.51,6.07,895,13.98,2.966666667,492,3.2,930,1050,1150,1250,1300,1300,1250,1150,83.98,12680,92.99,5.07,11.85,23.37,62.1,63.3
5/17/2023,207,13.98,5.99,0,14.91,2.456666667,429.1666667,3.4,900,1000,1120,1170,1260,1200,1200,1140,82.67,8010,93.94,4.58,12.14,23.06,61.94,62.87
5/18/2023,205,13.73,6.09,0,14.86,2.69,460,3.4,900,1000,1120,1170,1260,1200,1200,1140,84.09,9030,93.72,4.91,12.33,23.55,61.81,62.86
06-06-2023,184,14.8,4.07,346,13.01,2.8,483.3333333,3.5,910,1010,1120,1170,1260,1200,1200,1140,86.14,10070,93.21,5.38,12.3,24.12,62.14,62.99
06-04-2023,188,13.57,5.66,619.6666667,14.27,2.733333333,472.8333333,3.55,910,1010,1120,1170,1260,1200,1200,1140,85.06,10240,93.46,4.93,12.28,24.02,62.22,62.91
06-05-2023,182,14.23,4.17,470,13.07,2.913333333,448.8333333,3.5,910,1010,1120,1170,1260,1200,1200,1140,85.89,10540,93.14,5.32,12.18,24.01,62.03,62.94
5/19/2023,205,13.67,5.99,0,12.65,2.75,453.5,3.5,900,1000,1120,1170,1260,1200,1200,1136.666667,84.41,10020,93.83,4.48,12.33,23.64,61.67,62.79
05-01-2023,183,13.22,4.3,350,12.41,3.026666667,517.5,3.3,900,1000,1120,1180,1260,1200,1200,1133.333333,83.64,13010,92.49,5.6,12.39,24.02,62.81,63.51
12-Apr,194,13.05,6.26,,12,3,510.1666667,3.633333333,910,1000,1120,1180,1270,1200,1200,1133.333333,70.55,13100,93.38,4.95,12.58,23.19,62.82,63.53
5/23/2023,195,13.46,5.88,0,21.03,3,464.5,3.3,900,1000,1100,1170,1250,1200,1200,1130,82.57,4085,92.46,5.16,12.58,23.7,61.57,62.51
5/20/2023,201,13.49,5.9,0,12.85,2.716666667,451,3.3,900,1000,1120,1170,1260,1200,1200,1130,84.02,10005,93.3,5.36,12.4,23.92,61.06,62.33
5/21/2023,203,13.59,5.89,0,12.67,2.75,466.1666667,3.3,900,1000,1120,1170,1260,1200,1200,1130,82.7,10010,93.84,4.79,12.35,23.85,61.39,62.39
05-09-2023,189,13.13,5.59,544.375,11.14,3.016666667,517.1666667,2.933333333,900,1180,1000,1180,1260,1200,1200,1130,83.62,12870,93.09,4.88,12.38,23.57,62.78,63.49
5/22/2023,201,13.6,5.96,0,12.64,2.873333333,465,3.3,900,1000,1120,1170,1260,1200,1200,1126.666667,82.13,10070,93.37,4.76,12.36,23.81,61.96,62.72
03-Mar,192,11.71,3.74,300,12,3.036666667,491,2.933333333,920,1020,1106.666667,1170,1270,1280,1100,1126.666667,85.97466667,12295,92.83,5.43,12.15,22.88,62.81,63.63
16-Mar,191,10.31,3.91,,11,2.826666667,510,3.2,900,1010,1110,1200,1270,1280,1200,1120,84.992,12030,93.55,4.87,12.42,22.51,62.67,63.54
18-Mar,193,10.12,3.82,,12,2.733333333,485.5,3.333333333,900,1010,1110,1200,1270,1280,1200,1120,82.5,12055,93.23,4.9,12.29,23.12,62.55,63.4
17-Mar,191,10.22,3.96,,11,2.75,516,3.333333333,900,1010,1110,1200,1270,1280,1200,1120,85.164,12135,93.44,4.91,12.31,23.15,62.63,63.46
05-06-2023,186,13.3,6.05,139.3333333,12.54,3.016666667,504.8333333,3.1,900,1000,1100,1180,1260,1200,1200,1120,83.21,12560,93.51,4.67,12.29,24.65,62.76,63.4
05-02-2023,182,12.63,4.83,300,13.05,3,503,3.3,900,1000,1100,1180,1260,1200,1200,1120,83.09,12830,92.95,5.39,12.32,23.82,62.82,63.53
05-04-2023,185,12.6,6.15,200,11.6,3.04,500,3.2,900,1000,1100,1180,1260,1200,1200,1120,81.85,13015,93.26,5.12,12.17,23.92,62.77,63.47
05-03-2023,186,12.86,4.98,250,12.27,3,514.6666667,3.3,900,1000,1100,1180,1260,1200,1200,1120,83.51,13065,93.43,4.71,12.33,23.9,62.77,63.52
14-Mar,186,11.06,3.66,516,11,2.75,512.6666667,3.666666667,900,1000,1100,1200,1250,1280,1200,1116.666667,88.9,12020,93.54,4.91,12.22,23.03,62.94,63.62
31-Jan,193,13.91,5.92,0,14,2.676666667,496.6666667,3.416666667,910,1050,1200,1250,1300,1300,1280,1113.333333,83.67,11142,93.06,5.15,12.11,23.48,61.92,62.78
21-Mar,193,10.56,4.93,,21,2.743333333,484,3.3,900,1010,1110,1200,1270,1280,1200,1110,82.03959788,1420,93.45,4.87,12.32,23.07,62.47,63.3
08-11-2023,194,13.53,3.85,575,15.74,2.833333333,477,3.166666667,920,1020,1120,1230,1300,1200,1200,1110,84.72,11160,93.36,5.04,12.08,23.72,61.99,63.08
05-07-2023,187,13.28,5.65,0,11.7,3.18,509.3333333,3.05,900,1000,1100,1180,1260,1200,1200,1110,83.55,12575,92.5,5.32,12.42,23.73,62.67,63.39
05-10-2023,184,12.34,6.02,333,12.19,3.05,517.6666667,2.9,900,1000,1100,1180,1260,1200,1200,1110,83.79,12965,92.82,4.92,12.27,23.72,62.73,63.41
05-08-2023,189,13.23,5.63,516.8214286,12.13,3.09,509.1666667,3.05,900,1000,1100,1180,1260,1200,1200,1110,83.93,13150,92.68,5.34,12.53,23.61,62.82,63.56
01-Feb,192,13.59,5.9,0,20,2.703333333,499.1666667,3.366666667,916.6666667,916.6666667,1030,1186.666667,1256.666667,1300,1286.666667,1100,84.51,3900,93.16,5.03,11.88,23.63,61.83,62.6
8/21/2023,198,12.45,3.93,225,20.1,2.68,480,3.4,900,1000,1110,1200,1280,1200,1200,1100,0,4580,93.47,4.45,12.11,23.56,62.33,63.25
8/18/2023,202,12.32,4.03,475,15.88,2.74,460,3.1,900,1000,1110,1200,1280,1200,1200,1100,83.36,9170,93.68,4.43,12.26,23.53,62.29,63.17
8/19/2023,201,12.38,3.98,450,15.52,2.52,459,3.1,900,1000,1110,1200,1280,1200,1200,1100,82.78,9290,93.65,4.58,12.41,23.48,62.24,63.21
8/20/2023,198,12.83,4.03,475,15.38,2.87,460,3.4,900,1000,1100,1200,1260,1200,1200,1100,83.18,9430,93.53,4.99,12.27,23.67,62.4,63.27
08-06-2023,202,14.19,4,500,14.62,2.673333333,458,2.75,920,1020,1120,1220,1300,1200,1200,1100,82.17,10010,93.2,4.92,12.28,23.76,62.14,63.39
8/14/2023,200,11.37,3.99,500,17.45,3.023333333,430,3.033333333,900,1000,1100,1200,1280,1200,1200,1100,82.98,10030,93.59,4.51,12.17,23.78,62.66,63.54
06-Feb,187,15,4.47,350,14,2.856666667,498.6666667,3.666666667,900,1080,1160,1260,1300,1280,1280,1100,84.48,10280,93.13,5.18,11.79,24.2,61.88,62.71
9/16/2023,191,11.1,6.03,0,14.25,3.2,485,2.9,930,1040,1150,1250,1300,1300,1250,1100,85.02,10450,93.31,5.13,12.21,23.11,62.33,63.37
8/16/2023,201,11.62,5.9,0,14.73,2.506666667,472.5,3.1,900,1000,1110,1200,1280,1200,1200,1100,83.28,10840,93.62,4.44,11.93,23.02,62.31,63.34
8/26/2023,191,11.11,4.01,550,14.43,2.9,494,3,920,1020,1130,1220,1270,1250,1200,1100,85.93,10980,93.52,4.72,12.18,24.07,62.48,63.39
08-03-2023,200,14.05,3.96,575,13.37,2.92,480,3.2,920,1020,1120,1200,1300,1200,1200,1100,64.04,11100,93.48,4.59,12.17,23.86,62.17,63.17
08-10-2023,197,12.32,3.84,575,14.53,3.016666667,476,2.7,920,1020,1120,1230,1300,1200,1200,1100,79.51,11445,93.5,4.92,11.94,23.24,61.97,63.15
8/25/2023,190,11.69,6.02,359.7857143,13.76,2.9,490,3.3,920,1020,1120,1220,1280,1250,1200,1100,82.02,11460,93.69,4.61,12.38,23.58,62.32,63.3
24-Mar,195,11.66,4.79,,12,2.826666667,500,3.533333333,910,1010,1110,1200,1260,1280,1200,1100,,11490,92.66,5.36,12.36,23.37,62.29,63.11
9/20/2023,195,12.08,3.71,400,12.39,3.15,478,3.4,930,1050,1150,1250,1300,1300,1250,1100,80.58,11590,92.84,5.34,11.93,23.18,62.17,63.28
08-02-2023,199,15.01,4.05,600,13.87,3.003333333,487,3.2,920,1020,1120,1200,1300,1200,1200,1100,64.74,11860,93.65,4.76,12.23,23.68,62.32,63.3
8/29/2023,192,13.23,5.98,665,12.53,3,485,3.4,900,1000,1100,1220,1300,1280,1180,1100,80.39,11865,93.63,4.49,12.07,24.02,62.31,63.36
8/23/2023,197,11.36,4.01,600,13.73,3.04,485,3.4,920,1020,1120,1220,1280,1280,1200,1100,83.46,11975,93.98,4.56,12.23,22.9,62.32,63.37
20-Mar,199,10.58,4,,11,2.75,518.3333333,3.3,900,1010,1110,1200,1270,1280,1200,1100,,12005,93.37,4.79,12.26,22.59,62.55,63.37
19-Mar,198,10.32,4,,12,2.806666667,514,3.3,900,1010,1110,1270,1280,1200,1113.333333,1100,,12010,93.32,5.03,12.23,23.16,62.73,63.54
27-Mar,218,14.97,4.97,400,13,2.876666667,508,2.5,980,1000,1100,1200,1220,1243.333333,1260,1100,,12025,93.75,4.49,11.74,23.16,62.2,62.97
01-Apr,204,13,4.99,400,12,3.1,486.8333333,3.566666667,980,1000,1100,1200,1220,1250,1270,1100,,12025,93,5.18,11.9,22.93,61.79,62.6
28-Mar,213,15.02,4.99,400,12,2.99,495,2.766666667,980,1000,1100,1200,1220,1250,1266.666667,1100,,12115,93.96,4.46,11.9,22.93,61.96,62.88
8/31/2023,199,13.82,6,0,12.21,2.98,483,3.4,920,1020,1150,1220,1280,1280,1180,1100,81.87,12160,93.85,4.41,12.39,23.45,62.45,63.34
8/30/2023,195,13.36,5.98,0,11.99,3.003333333,490,3.4,920,1020,1150,1220,1280,1280,1180,1100,80.81,12205,93.65,4.77,12.37,24.24,62.5,63.39
09-01-2023,194,13.34,6.06,0,12.59,3.083333333,484,3.266666667,920,1020,1150,1220,1280,1280,1180,1100,82.45,12370,93.68,4.67,12.48,23.86,62.46,63.3
9/21/2023,196,12.81,3.92,425,12.44,3.15,490,3.2,950,1050,1150,1250,1300,1300,1250,1100,80.63,12490,93.01,5.12,12.12,23.35,62.41,63.35
02-Apr,212,12.94,4,350,11,3.053333333,484.5,3.366666667,980,1000,1100,1220,1220,1250,1270,1100,,12515,93.26,4.94,11.92,23.36,62.4,63.23
07-Apr,195,11.41,5.9,,12,2.806666667,493.3333333,4.3,910,1010,1110,1200,1249,1280,1200,1100,,12535,92.78,5.23,12.36,23.48,62.44,63.26
08-09-2023,200,12.27,3.98,650,13.33,2.986666667,505,2.7,920,1020,1120,1230,1300,1200,1200,1100,80.03,12555,93.67,4.66,12.24,23.79,62.29,63.42
09-02-2023,192,12.55,3.87,780,13.2,3.15,495,3.2,920,1040,1170,1233.333333,1293.333333,1273.333333,1180,1100,81.52,12665,93.96,4.61,12.39,22.95,62.32,63.19
09-07-2023,190,11.29,6.03,267.8928571,13.68,3.1,500,3.2,910,1020,1130,1220,1300,1280,1180,1100,83.15,12760,93.7,4.39,12.23,23.17,62.33,63.34
9/17/2023,191,11.59,6.03,0,11.7,2.95,499,3.2,930,1040,1150,1250,1300,1300,1250,1100,84.26,12770,93.43,4.77,12.08,23.78,62.24,63.24
09-05-2023,187,12.27,6.02,0,12.9,3.15,497,3.2,910,1030,1130,1230,1280,1260,1180,1100,85.48,12795,93.49,4.79,12.27,23.54,62.35,63.42
10-Apr,193,12.42,6.29,,12,3,515.6666667,3.766666667,910,1000,1100,1180,1263.333333,1200,1200,1100,69.78,12885,93.3,4.76,12.5,23.44,62.69,63.35
9/13/2023,195,12.15,6.07,0,12.95,3.15,500,3.2,930,1040,1150,1250,1280,1270,1250,1100,82.7,13005,93.58,4.97,12.62,22.87,62.3,63.23
12/31/2022,196,14.37,5,325,12.71,3.073333333,501,3.3,900,1000,1106,1150,1266,1280,1150,1100,,13010,93.47,4.89,11.92,23.15,62.73,63.42
11-Apr,195,13.37,6.3,,12,3,505.6666667,3.8,910,1000,1120,1180,1270,1200,1200,1100,69.69,13010,93.53,4.88,12.43,23.54,62.74,63.41
9/14/2023,190,12.07,6.07,258.1535714,13.98,3.15,500,3.2,930,1040,1150,1250,1300,1300,1250,1100,83.26,13010,93.37,4.78,12.27,23.99,62.35,63.38
9/15/2023,188,12.75,6.07,385.3333333,13.38,3.15,488,3.3,930,1040,1150,1250,1300,1300,1250,1100,84.73,13015,93.46,4.83,12.29,24.29,62.17,63.22
12-May,190,8.97,3.99,500,16,3.183333333,504.3333333,5.066666667,920,1020,1130,1260,1300,1310,1150,1100,84.095,13270,91.32,6.72,12.47,22.73,62.54,62.97
02-May,198,8.98,2.02,600,16,3.05,513,4.466666667,900,1000,1150,1250,1300,1300,1306.666667,1100,,13360,92,6.76,12.11,22.87,62.19,62.61
11-May,192,8.98,2.52,500,15,3.2,518.5,5.7,920,1013.333333,1130,1250,1280,1300,1310,1100,85.58,13470,92.56,5.47,12.34,23.22,62.41,62.93
09-May,194,9.02,2.74,500,16,3.183333333,510,5.6,920,1020,1130,1250,1280,1300,1310,1100,,13525,92.2,5.75,11.99,22.3,62.57,62.86
08-May,196,9,2.51,250,15,3.2,516,5.6,900,1000,1130,1250,1300,1300,1310,1100,,13560,91.7,6.55,11.79,23.12,62.64,63.23
22-Mar,194,11.37,4.04,600,16,2.903333333,497.5,3.466666667,913.3333333,1020,1126.666667,1200,1263.333333,1280,1200,1096.666667,,10640,92.64,5.38,12.14,23.1,62.52,63.2
26-Mar,191,11.58,6,,13,3.2,497.5,3.466666667,839.1666667,1020,1126.666667,1200,1260,1280,1200,1096.666667,85.336,12005,93.22,4.81,12.35,23.28,62.41,63.13
08-07-2023,202,13.97,3.96,500,14.84,3.1,484,2.816666667,920,1020,1120,1220,1290,1200,1200,1093.333333,75.73,10095,93.51,4.58,12.3,23.47,62.23,63.48
05-Feb,179,14.98,4.48,200,14,3.043333333,513.3333333,3.566666667,900,1040,1160,1260,1300,1280,1280,1093.333333,84.24,12285,92.18,5.86,12,24.41,62,62.79
04-Apr,249,12.96,4.04,350,13,2.366666667,475,3.2,850,986.6666667,1093.333333,1200,1240,1256.666667,1256.7,1090,71.12,9415,94.28,3.98,11.9,19.98,63.01,63.87
08-08-2023,199,13.65,3.96,575,13.65,2.98,462.5,2.816666667,920,1020,1120,1220,1290,1200,1200,1090,79.23,11355,93.65,4.44,11.74,23.28,62.1,63.32
8/24/2023,192,11.5,6.05,575,13.92,2.8,479.8333333,3.4,920,1020,1120,1220,1280,1250,1200,1090,80.8,11740,93.98,4.31,12.06,23.05,62.34,63.36
13-Apr,228,11.97,4.03,350,16,2.433333333,443.8333333,3.1,850,1000,1100,1213.333333,1246.666667,1266.666667,1263.333333,1086.666667,,8440,93.81,4.25,11.74,22.93,62.41,62.95
03-Apr,246,11.92,4.19,350,14,2.426666667,455.8333333,3.333333333,973,993.3333333,1090,1213.333333,1230,1251.666667,1261.666667,1083.333333,72.21,9060,94.73,3.65,12.1,21.75,63.06,63.67
02-Feb,186,13.55,5.72,0,27,2.65,480,3.266666667,920,1020,1160,1260,1300,1280,1280,1080,85.656,3320,93.3,5.03,11.48,24.23,61.85,62.91
08-05-2023,198,14.05,3.96,575,13.46,2.673333333,483.5,2.766666667,920,1020,1120,1200,1300,1200,1200,1080,83.09,11105,93.5,5.1,12.28,23.77,61.98,63.2
08-04-2023,199,14.58,4,575,13.15,3.02,475,2.9,920,1020,1120,1200,1300,1200,1200,1080,78.88,11250,93.66,4.92,12.22,23.77,62.04,63.24
09-06-2023,184,12.39,6.04,359,14.27,2.98,498,3.3,910,1020,1120,1280,1260,1180,1080,1080,86.03,12755,93.48,4.8,12.09,23.84,62.35,63.31
03-Feb,193,14.99,4.53,250,14,2.2,486.5,3.3,920,1020,1160,1260,1300,1280,1280,1080,84.77,12805,93.42,5.05,11.69,23.91,61.99,62.68
10-Feb,186,15,4,350,14,2.833333333,491,3.5,900,1043.333333,1156.666667,1233.333333,1280,1280,1280,1073.333333,84.75,12010,93.08,4.87,11.77,24.06,61.63,62.15
03-May,205,9.03,2.03,500,16,3.166666667,513.3333333,3.8,900,1000,1130,1250,1300,1300,1310,1073.333333,,13290,92.27,6.02,12.31,22.7,62.61,63.26
8/27/2023,191,11.21,3.96,600,14.12,2.95,500,2.9,900,1013.333333,1106.666667,1220,1270,1250,1200,1070,85.13,11860,93.16,4.84,12.04,24.04,62.45,63.41
11-Feb,190,15,4.02,350,14,3,497.1666667,3.366666667,900,1050,1160,1240,1300,1280,1280,1070,83.54,12200,92.95,5.21,11.83,24.17,61.99,62.65
07-Feb,189,14.93,4.34,400,14,2.803333333,500,3.2,900,1080,1163.333333,1246.666667,1293.333333,1280,1280,1066.666667,84.08,11050,93.17,5.28,11.78,23.75,61.83,62.71
13-Jan,190,13,6.48,604.3466071,15,2.943333333,493.1666667,3,900,1050,1150,1220,1280,1280,1250,1066.666667,86.02,12035,93.05,5.15,11.97,23.58,61.92,62.78
25-Jan,182,12.85,3.98,350,16,2.843333333,494.6666667,3.5,900,1050,1150,1250,1300,1300,1280,1066.666667,84.02,12065,92.81,5.26,11.66,24.24,61.69,62.54
29-Mar,218,14.92,4.95,200,12,2.883333333,490,2.763333333,980,1000,1100,1200,1220,1250,1270,1066.666667,,12195,93.73,4.79,12.1,22.61,61.98,62.93
24-Jan,185,12.94,3.94,350,15,3.043333333,472.5,3.466666667,900,1050,1150,1250,1300,1300,1280,1056.666667,83.35,12675,93.05,5.12,11.78,24.1,61.71,62.52
10-May,206,8.97,2.46,250,18,3.2,468,5.6,900,1020,1130,1260,1300,1310,1310,1050,,8140,92.76,5.29,12.18,22.71,62.14,62.55
06-Apr,197,14.93,3.95,400,13,2.513333333,489.3333333,3.066666667,850,1033.333333,1133.333333,1213.333333,1246.666667,1260,1260,1050,67.01,10115,93.03,5.12,11.83,22.81,61.86,62.77
22-Jan,187,13,3.98,400,16,2.83,502.3333333,3.5,900,1050,1150,1250,1300,1300,1280,1050,83.71,11315,93.11,5.22,11.87,23.92,61.72,62.49
05-Apr,202,14.98,3.97,300,10,2.946666667,500,3.266666667,850,1000,1100,1200,1240,1260,1260,1050,67.44,12080,92.86,5.35,11.84,21.83,61.96,63.07
04-Mar,197,13.76,3.87,,11,2.513333333,489.3333333,3.066666667,916.6666667,1033.333333,1133.333333,1213.333333,1246.666667,1258,1263.333333,1050,,12135,93.66,4.74,12.11,22.79,62.71,63.53
23-Jan,184,13,3.95,350,15,2.953333333,511.6666667,3.5,900,1050,1150,1250,1300,1300,1280,1050,82.73,12165,93.11,5.22,11.72,24.07,61.79,62.56
08-01-2023,199,14.87,4.03,525,13.67,3.05,503.3333333,3.166666667,920,1020,1120,1200,1300,1200,1200,1050,65.61,12910,93.55,4.62,12.43,23.46,62.34,63.23
31-Mar,212,12.96,4.94,400,10,2.9,508,3.466666667,980,1000,1100,1200,1220,1250,1270,1050,,13045,92.91,5.29,11.92,22.95,61.84,62.63
30-Mar,210,12.99,4.59,350,13,3.133333333,500.6666667,3.333333333,980,1000,1100,1200,1220,1250,1270,1050,,13165,93.36,4.89,11.94,23.04,62.01,62.93
24-May,207,10.77,3.27,400,14,3,498,3.4,900,1020,1120,1220,1280,1310,1310,1050,,13460,93.14,5.39,12.58,22.46,62.7,63.72
05-May,208,8.98,2,500,17,3.2,507,3.6,900,1000,1100,1250,1286.666667,1300,1300,1050,,13470,91.92,5.79,12.23,22.35,62.39,62.9
25-Jun,212,11.65,5.01,,10.42,3.15,514,3.4,886,973.3333333,1073.333333,1180,1233,1266.666667,1283.333333,1050,,13560,94.12,4.42,12.49,23.38,62.42,63.12
07-May,205,8.99,2.02,600,16,3.2,517.5,4.4,900,1000,1110,1250,1280,1300,1300,1046.666667,,13355,91.64,6.15,12.18,23.18,62.77,63.35
7/28/2023,204,15.71,4,500,14.52,3.46,474.8333333,3.41,900,1000,1066,1240,1236,1258,1327,1041.666667,65.65,10250,93.67,4.68,12.46,23.47,62.07,63.08
02-Mar,198,11.85,3.63,600,12,2.873333333,518.3333333,2.9,920,1020,1113.333333,1100,1270,1280,1050,1040,,12400,92.77,4.76,12.21,22.73,62.79,63.55
11-Mar,194,15,3.97,300,14,2.633333333,478.3333333,3.733333333,850,950,1100,1200,1300,1280,1280,1033.333333,85.87,10070,93.36,4.96,12.53,23.83,61.88,62.74
14-Jan,190,12.98,6.44,562.5,16,3.086666667,504.3333333,2.933333333,900,1050,1150,1220,1280,1280,1250,1033.333333,86.29,11020,93.21,4.83,11.91,23.63,61.93,62.87
09-Feb,182,14.92,3.9,400,14,3.046666667,495,3.133333333,900,1030,1150,1220,1280,1280,1280,1033.333333,84.27,12065,92.79,5.25,11.74,24.02,61.68,62.22
23-May,209,11.56,3.08,300,14,3.136666667,488,3.2,900,1020,1120,1220,1280,1310,1310,1033.333333,,12980,92.75,5.49,12.69,22.1,62.49,63.78
24-Jun,212,12.81,5.26,,11.15,3.2,512,3.4,886.6666667,973.3333333,1073.333333,1180,1233.333333,1286,1283,1033,,13500,94.1,4.36,12.58,23.56,62.31,63.14
16-Apr,196,9.95,4.48,450,12,2.9,487.3333333,3.8,850,1050,1150,1226.666667,1246.666667,1256.666667,1256.666667,1026.666667,,12060,93.56,4.63,11.65,22.9,61.68,62.58
13-Dec,187,12,3.9,350,14,3.143333333,486.5,3.233333333,900,1030,1130,1230,1280,1280,1250,1023.333333,83.92,12040,92.58,5.68,12.3,23.88,61.83,62.96
8/15/2022,206,12.77,4.22,425,14.94,3.083333333,443,3.066666667,925,980,1080,1250,1200,1300,1166.666667,1020,,9475,93.89,4.78,12.33,22.56,63.01,63.8
01-May,206,10,1.98,600,16,3.2,506,3.2,900,1000,1100,1250,1280,1300,1300,1020,,13120,92.75,5.46,12.3,23.2,62.73,63.11
22-May,211,11.15,3.16,300,13,3.1,498,2.9,900,1020,1120,1220,1280,1310,1310,1020,,13275,93.63,4.8,12.8,22.49,62.64,63.47
31-May,209,10.41,4.51,500,13,3.2,502,3.1,900,1000,1100,1250,1280,1300,1300,1020,,13735,93.74,5.1,12.73,23.11,62.68,63.59
07-06-2023,215,12.89,3.6,0,18.59,2.6,484,2.733333333,900,1000,1073.333333,1220,1273.333333,1293.333333,1300,1016.666667,83.15,8610,93.9,4.53,12.29,22.54,61.98,62.93
07-05-2023,204,13.64,3.35,580,16.78,3.35,491.3333333,3.4,900,1086.666667,1080,1230,1240,1260,1302,1016.666667,82.83,9240,93.85,4.47,12.35,23.52,61.94,63.08
30-Apr,202,12.78,4.06,300,12,3.273333333,449,2.9,850,1050,1150,1220,1260,1263.333333,1250,1016.666667,,10095,93.21,4.89,11.41,23.36,61.12,62.04
21-Jan,182,12.99,3.95,450,14,2.876666667,513,3.5,900,1050,1150,1250,1300,1300,1280,1016.666667,85.47,12395,92.94,5.1,11.77,24.16,61.75,62.69
20-Jan,190,12.71,3.97,500,14,2.946666667,511,3.533333333,900,1050,1150,1240,1293.333333,1293.333333,1280,1016.666667,85.03,12585,93.25,4.43,11.68,24.19,61.8,62.66
26-Jun,210,23.25,4.99,,11.35,3.15,511.3333333,3.4,893.3333333,980,1080,1186.666667,1233.333333,1266.666667,1283.333333,1016.666667,,13030,93.02,5.46,12.71,22.94,62.38,63.14
25-May,193,11.55,4.73,400,13,3.05,488,2.8,900,1020,1120,1220,1280,1300,1310,1016.666667,82.96816931,13330,93,5.08,12.18,22.11,62.4,63.38
29-May,212,10.31,3.97,500,13,3.25,498,2.9,900,1000,1100,1213.333333,1260,1300,1286.666667,1016.666667,,13865,93.47,4.92,12.72,23.13,62.92,63.68
12-Mar,195,14.94,3.93,250,13,2.64,487.1666667,3.533333333,850,950,1100,1200,1300,1280,1280,1013.333333,85.63,10175,93.37,4.88,12.45,23.94,61.82,62.64
17-Apr,211,11.98,4.49,450,12,2.933333333,491.1666667,3.533333333,850,1050,1150,1220,1050,1246.666667,1250,1013.333333,,12025,93.73,4.41,11.71,22.82,61.69,62.36
15-Apr,199,9.98,4.16,500,13,2.883333333,493,3.533333333,850,1016.666667,1150,1220,1240,1250,1240,1006.666667,,12020,93.61,4.61,11.54,22.98,61.89,63.02
13-Mar,200,15,5.24,0,20,2.5,467.5,3.55,850,950,1100,1200,1300,1280,1280,1000,84.78,4195,93.51,4.82,12.32,23.71,61.97,62.57
12/18/2022,202,11.19,4.35,385,12.78,3.05,495,3.2,900,1000,1100,1150,1066.666667,1153.333333,1150,1000,,8040,93.62,4.82,12.02,23.5,62.94,63.54
8/17/2023,201,11.68,3.96,475,16.5,2.633333333,462,3.1,900,1000,1110,1200,1280,1200,1200,1000,82.87,9335,93.67,4.53,12.04,23.54,62.2,63.34
13-Oct,192,13,3.8,375,17,3.12,500,3.3,900,1020,1113.333333,1220,1280,1280,1263.333333,1000,84.33,10005,92.76,4.54,12.58,23.96,62.07,63.11
07-Apr,209,13.94,3.98,400,13,2.79,494,3.166666667,850,1050,1150,1220,1240,1260,1260,1000,67.33,10040,93.61,4.75,11.8,22.87,61.81,62.66
17-May,201,9.01,3.96,250,17,2.95,469.8333333,3.5,900,1000,1110,1220,1280,1300,1310,1000,,10100,93.28,4.96,12.37,22.32,62.39,62.91
11-08-2022,197,10.02,4.68,300,16.69,3,492,3.5,883.3333333,1000,1100,1150,1240,1256,1306.666667,1000,,10480,93.82,4.58,11.81,23.58,61.79,62.58
11-Jun,204,14.09,4.79,350,14.24,3.2,501,3.8,900,1000,1100,1220,1260,1280,1290,1000,,11075,94.39,4.26,12.55,22.3,62.76,63.53
07-Jun,198,14.53,4.61,400,15.16,2.833333333,479.1666667,3.666666667,900,1000,1100,1200,1250,1270,1290,1000,,11290,93.94,4.57,12.16,22.45,62.97,63.78
12/22/2022,201,11.92,6,0,13.37,2.8,482.8333333,3.6,900,1000,1100,1150,1260,1280,1150,1000,,11495,93.46,4.71,12.17,23.61,62.77,63.68
12/23/2022,196,13.17,5.98,0,11.08,3,517.8333333,3.6,900,1000,1100,1150,1260,1280,1150,1000,,11545,93.77,4.78,12.37,23.1,62.78,63.63
28-Feb,190,14.98,4.97,0,14,2.806666667,504.1666667,3.466666667,900,1010,1100,1200,1300,1280,1280,1000,84.12,11680,93.03,5.18,11.99,23.73,62.04,62.6
12-Jun,206,13.85,4.96,400,13.95,3.2,506.6666667,3.9,900,1000,1100,1220,1260,1280,1290,1000,,11700,94.43,4,12.31,22.9,62.59,63.51
25-Mar,194,11.2,5.77,,13,2.743333333,495,3.266666667,900,1000,1100,1200,1260,1280,1200,1000,,11965,93.27,5.32,12.38,23.25,62.32,63.14
08-Feb,187,15,4,450,15,2.85,484.8333333,3,900,1030,1150,1220,1280,1280,1280,1000,83.92,12000,92.83,5.37,11.76,24.08,61.68,62.47
02-May,204,12.49,4,400,13,3.183333333,497.1666667,3.4,850,1050,1150,1220,1260,1260,1240,1000,,12005,93.98,4.33,11.35,23.34,60.86,61.83
01-May,205,13,5.83,0,12,3.216666667,454.5,3.266666667,850,1050,1150,1220,1260,1260,1240,1000,,12010,93.86,4.42,11.31,23.5,60.9,61.96
15-Jan,189,13,3.91,300,16,2.743333333,483.8333333,3.066666667,900,1050,1150,1220,1280,1280,1250,1000,85.93,12030,93.1,5.06,11.84,23.33,61.9,62.72
12/26/2022,205,13.51,6.14,0,12.83,2.92,504,3.4,900,1000,1100,1150,1260,1280,1150,1000,,12210,93.62,4.79,12.1,23.91,62.74,63.31
28-Apr,207,12.94,3.96,450,12,3.216666667,472,3.3,850,1050,1150,1220,1260,1260,1250,1000,,12360,93.99,4.16,11.66,23.19,61.36,62.2
12/20/2022,201,12.67,5.41,0,12.01,3.1,494.5,3.5,900,1000,1100,1150,1240,1260,1150,1000,,12390,93.9,4.49,12.21,23.26,62.89,63.61
12/19/2022,204,11.45,4.44,500,12.68,3.1,505,3.5,900,1000,1100,1150,1250,1280,1150,1000,,12400,94.17,4.39,12.21,22.94,63.1,63.73
9/25/2023,192,11.04,3.95,500,14.11,3.12,497,3.2,900,1020,1113.333333,1220,1280,1280,1230,1000,72.85,12405,93.01,4.89,12.12,23.21,62.15,63.39
12/21/2022,197,13.34,5.99,0,11.09,3,492,3.5,900,1000,1100,1150,1240,1266,1150,1000,,12515,93.56,4.9,12.14,23.49,62.77,63.6
20-May,206,8.99,3.5,500,14,3.116666667,496.1666667,4.2,900,1020,1120,1220,1270,1300,1310,1000,,12575,92.74,5.65,12.49,22.21,62.47,63.31
15-Jul,215,10.72,4.85,375,13,3.13,491,2.9,900,1000,1090,1220,1260,1280,1290,1000,,12785,94.22,4.23,12.22,22.38,62.36,63.16
09-11-2023,188,12.58,6.02,419.8333333,13.46,3.113333333,500,3.4,930,1040,1150,1220,1300,1300,1180,1000,83.82,12800,93.18,5.07,12.21,23.22,62.17,63.36
04-Jun,211,10.8,4.66,400,13.89,3.1,523,3,900,1000,1100,1220,1260,1280,1270,1000,,12870,93.78,4.6,12.28,22.44,62.69,63.55
21-May,212,14.21,3.57,500,13,2.8,500,3.9,900,1020,1120,1220,1280,1310,1310,1000,,12880,94.03,3.97,12.44,21.47,62.69,63.35
01-Jun,209,13,4.57,300,13.5,3.2,490,3.5,900,1000,1100,1220,1260,1280,1290,1000,,12900,93.88,4.4,12.7,23.66,62.67,63.5
09-10-2023,193,12.61,6.07,0,13.47,3.15,502,3.3,930,1040,1150,1220,1300,1300,1180,1000,83.97,13005,93.5,4.82,12.21,23.62,62.31,63.4
09-08-2023,196,12.03,6.05,0,14.24,3.15,492,3.4,910,1020,1150,1220,1300,1300,1180,1000,82.48,13050,93.71,4.65,12.45,23.13,62.29,63.3
9/26/2023,193,11.03,3.91,475,13.03,3.14,497,3.2,900,1020,1120,1220,1260,1260,1230,1000,82.64,13060,93.14,4.96,12.26,23.44,62.22,63.31
9/23/2023,193,10.49,3.91,475,13.48,3.15,505,3,930,1030,1130,1220,1280,1280,1230,1000,70.45,13060,93.03,4.98,12.43,22.87,62.37,63.49
9/22/2023,195,10.92,6.04,0,12.96,3.15,505,3,950,1050,1150,1240,1300,1300,1250,1000,68.75,13090,93.2,5.16,12.24,23.41,62.3,63.34
09-09-2023,190,12.98,6.03,272.7857143,12.19,3.15,500,3.4,910,1020,1150,1220,1300,1300,1180,1000,83.01,13095,93.61,4.75,12.32,23.47,62.13,63.26
9/24/2023,192,11.06,3.96,450,12.42,3.03,498.5,3.1,930,1030,1130,1220,1280,1280,1230,1000,75.51,13115,93.24,4.93,12.23,23.36,62.15,63.26
27-May,211,8.59,5.7,400,13,3.116666667,507.3333333,2.4,900,1020,1120,1220,1280,1280,1300,1000,,13160,94.42,4.09,12.27,22.74,63.25,64.04
28-May,209,12.88,4.82,500,13,3.2,497,3,900,1006.666667,1106.666667,1206.666667,1260,1280,1280,1000,,13280,94.45,3.9,12.68,22.37,62.87,63.72
04-May,203,9,2.03,500,17,3.1,501,3.6,900,1020,1130,1250,1300,1310,1310,1000,,13330,92.14,6.02,11.78,22.28,62.71,63.18
20-Jun,203,11.69,4.95,350,12.09,3.2,501,3.1,900,1000,1100,1220,1260,1280,1290,1000,,13345,93.68,4.73,12.66,23.78,62.42,63.17
9/27/2023,191,11,3.89,500,13.34,3.2,503,3.2,930,1050,1150,1240,1300,1300,1250,1000,83.13,13365,93.02,5.02,12.23,23.43,62.39,63.3
18-May,196,9,3.27,500,15,3.2,503.3333333,3.266666667,900,1020,1120,1250,1280,1300,1310,1000,,13450,93.41,5.32,12.14,22.66,62.43,62.81
30-May,214,10.36,4.29,450,13,3.2,501,3,900,1000,1100,1200,1240,1266.666667,1280,1000,,13520,93.37,5,12.68,22.69,62.6,63.3
03-Jun,207,11.66,4.65,300,13.22,3.1,500,3.033333333,900,1000,1100,1220,1260,1280,1276.666667,1000,,13550,93.64,4.68,12.55,23.4,62.52,63.37
16-May,196,9,3.99,500,15,3.2,508.5,3.5,900,1000,1130,1250,1300,1300,1310,1000,,13550,92.1,5.85,12.62,22.25,62.66,63.19
06-Jun,202,12.34,4.41,400,13.94,3.2,493,3.5,900,1000,1100,1220,1260,1280,1290,1000,,13610,93,5.32,12.08,23.9,62.85,63.45
02-Jun,209,12.9,4.4,400,12.81,3.2,504,3.6,900,1000,1100,1220,1260,1280,1290,1000,,13640,93.76,4.75,12.48,23.43,62.64,63.38
05-Jun,204,11.63,4.75,400,13.9,3.2,493.8333333,3.2,900,1000,1100,1220,1260,1280,1290,1000,,13675,93.35,4.8,12.19,22.8,62.78,63.47
19-May,192,8.98,3.33,500,15,3.1,506,3.2,920,1020,1130,1220,1280,1300,1310,1000,85.77533333,13815,93.48,4.78,12.37,22.29,62.36,62.92
15-May,186,9.02,3.97,500,15,3.25,499,3.5,900,1020,1130,1250,1280,1300,1310,1000,87.48,13865,91.73,6.64,12.53,22.2,62.75,63.56
10-Mar,206,15,3.99,400,14,2.563333333,487,3.466666667,850,950,1100,1200,1280,1280,1280,993.3333333,85.39,10015,93.8,4.56,12.42,23.41,61.89,62.75
01-Mar,190,14.92,3.99,350,14,2.893333333,495.8333333,3.5,900,1010,1100,1200,1300,1280,1280,990,84.53,11525,93.28,4.95,12.27,24.2,62.27,63.09
01-Mar,191,11,3.15,600,11,2.9,510,3.1,920,1020,1120,1100,1270,1280,1050,990,84.82,12075,93.59,4.58,12.11,23.22,62.73,63.58
04-Feb,185,14.91,4.36,250,14,3.023333333,382.5,3.5,900,1010,1130,1230,1280,1265,1265,990,83.97,12610,93.14,5.15,11.83,23.97,62,62.82
02-Mar,191,15,4.03,450,13,2.766666667,502.8333333,3.5,900,1010,1100,1200,1300,1280,1280,986.6666667,84.24,11670,93.05,5.21,12.2,23.67,62.02,62.92
24-May,203,14.99,4,480,13,3.093333333,455.5333333,3.033333333,850,1040,1140,1200,1200,1200,1173.333333,986.6666667,,12005,93.91,4.59,11.42,23.44,62.17,63.08
23-May,202,15.02,3.98,480,12,3.033333333,465.6666667,3.133333333,850,1040,1140,1200,1213.333333,1200,1173.333333,986.6666667,,12050,93.75,4.51,11.36,23.49,62.29,63.15
11-07-2022,203,9.96,4.56,300,17.03,3.083333333,507.1666667,3.233333333,860,1040,1160,1200,1200,1200,1160,983.3333333,,9640,93.38,5.03,12.19,22.99,61.8,62.71
14-Mar,191,14.96,5.05,0,14,3.026666667,482,3.5,900,1013.333333,1100,1200,1300,1280,1280,983.3333333,85.21,10695,92.87,5.4,12.28,24.25,61.79,62.76
26-Mar,195,15,5.19,350,20,2.713333333,523,2.3,980,1000,1100,1200,1220,1240,1260,983.3333333,,11465,92.77,5.38,11.85,23.99,61.99,62.79
09-Apr,195,14.98,3.99,450,11,2.95,500.8333333,2.633333333,850,1000,1150,1240,1256.666667,1256.666667,1256.67,983.3333333,66.36,12020,92.85,5.17,11.85,23.63,61.8,62.63
21-Feb,191,14.96,3.82,440,13,3.086666667,482,3.5,900,1000,1100,1200,1300,1280,1280,983.3333333,83.96,12035,93.44,4.9,12.12,23.98,61.93,62.61
27-Apr,205,11.95,4.01,400,12,3.186666667,475,3,850,1050,1150,1220,1260,1260,1250,983.3333333,,12465,93.84,4.46,11.68,22.61,61.44,62.16
06-May,204,9.02,1.97,500,16,3.2,514.3333333,3.7,900,1020,1130,1260,1300,1310,1310,983.3333333,,13200,92.04,5.8,12.51,22.9,62.62,63
16-Jun,205,15.36,5.17,350,12.28,3.1,514,4.2,900,1000,1100,1200,1246.666667,1266.666667,1270,983.3333333,,13935,94.03,4.28,12.4,23.65,62.6,63.21
01-Dec,186,12.93,3.85,350,15,3.1,476.1666667,3.383333333,820,1100,1150,1220,1300,1290,1250,980,84.94,11675,92.67,5.39,12.28,23.71,61.92,63.04
31-Mar,195,11.69,6.06,,12,2.806666667,493.3333333,3.3,900,1000,1100,1200,1260,1280,1200,980,,11720,93.28,4.83,12.47,22.98,62.64,63.37
01-Apr,189,10.98,5.96,461.7142857,12,3.056666667,521.3333333,3.166666667,900,1000,1100,1200,1260,1253.333333,1186.666667,980,71.55,11750,93.14,5.05,12.19,23.46,62.73,63.58
27-Mar,193,11.32,5.91,,12,3.1,485.6666667,3.333333333,900,1000,1100,1200,1260,1280,1200,980,81.57531217,12010,93.12,5.15,12.34,23.51,62.45,63.41
28-Mar,196,11.65,5.07,,13,2.9,491.3333333,3.1,900,1000,1100,1200,1260,1280,1200,980,,12020,93.38,4.96,12.36,22.8,62.52,63.44
30-Mar,196,11.55,5.28,,13,2.94,504,3.2,900,1000,1100,1200,1260,1280,1200,980,,12120,93.68,4.81,12.35,23.62,62.5,63.42
29-Mar,198,10.79,5.07,,13,2.9,511.3333333,3.133333333,900,1000,1100,1200,1260,1280,1200,980,,12235,93.44,4.79,12.39,22.29,62.53,63.47
09-Mar,196,11.29,3.49,,11,2.733333333,487,3.5,900,1000,1100,1200,1250,1280,1200,980,,12315,93.48,4.59,12.22,22.84,62.52,63.59
22-Apr,190,11.99,4,400,12,3.046666667,510,3.766666667,850,1050,1150,1220,1240,1250,1250,980,83.455,13015,93.6,4.8,11.76,23.43,61.47,62.27
30-Nov,195,13,3.9,450,15,3.1,482.1666667,3.233333333,820,1100,1150,1220,1300,1290,1250,976.6666667,83.13,11540,92.52,5.5,12.09,23.32,62.07,63.22
15-May,197,15.14,4.01,483,12,3.233333333,471.6666667,3.066666667,850,1050,1150,1223.333333,1240,1246.666667,1246.67,976.6666667,,11955.55,93.28,4.89,11.25,23.39,61.7,62.37
8/28/2022,209,12.11,6.11,0,13.75,2.4,463,3.1,900,1000,1100,1200,1240,1260,1280,975,,9000,93.96,4.67,11.77,22.23,62.57,63.39
12-Apr,208,14.01,4,450,13,2.983333333,491.1666667,3.3,850,1003.333333,1130,1230,1240,1240,1230,973.3333333,,12490,93.63,4.45,11.75,23.33,61.79,62.85
8/16/2022,209,12.75,4.4,450,16.38,2.5,477,3.3,900,1020,1120,1220,1260,1280,1300,970,,9100,93.99,4.57,12.19,22.48,63.16,63.81
29-Feb,189,14.99,3.96,400,15,2.806666667,505,3.466666667,900,1010,1100,1200,1300,1280,1280,970,85.02,11610,93.23,4.84,12.21,23.47,62.19,62.86
23-Apr,191,11.99,3.84,350,11,3.036666667,495.5,3.766666667,850,1050,1150,1220,1240,1250,1250,970,85.17733333,13010,93.8,4.46,11.68,23.28,61.39,62.2
09-Mar,209,14.96,3.97,350,14,2.36,498.6666667,3.433333333,850,950,1100,1200,1280,1280,1280,966.6666667,85.66,9560,94.13,4.33,12.42,23.63,62,62.67
12-Jan,190,12.71,6.18,697.5,16,3.056666667,463.5,3.233333333,900,1033.333333,1140,1213.333333,1280,1280,1216.666667,966.6666667,85.19,11645,93.1,5.1,12.03,23.61,61.93,62.75
03-Mar,186,14.96,3.93,350,13,2.883333333,488.8333333,3.566666667,900,1010,1100,1200,1300,1280,1280,966.6666667,85.26,11695,93.12,4.93,12.46,23.73,61.83,62.62
7/31/2023,202,15.8,3.97,650,13.69,3.407619048,508.6666667,3.138095238,900,1000,1099.047619,1206.666667,1240,1260,1270,966.6666667,65.3,11835,93.64,4.38,12.25,23.47,62.52,63.47
29-Apr,201,12.99,4,450,12,3.1,483,3.033333333,850,1050,1150,1220,1260,1260,1243.333333,966.6666667,,12005,93.35,4.78,11.66,23.5,61.23,62.01
16-Jan,190,12.91,3.91,450,15,3.056666667,480,3.1,900,1050,1150,1220,1280,1280,1250,966.6666667,85.13,12010,93.09,5.22,11.81,23.63,61.88,62.77
05-Oct,197,12.98,3.91,425,13,3.15,498,3.2,950,1070,1170,1250,1300,1300,1250,966.6666667,80.8,12015,93.07,4.94,12.28,23.87,62.18,63.27
02-Jul,216,14.01,3.81,425,14,3.033333333,488.3333333,3.45,900,986.6666667,1193.333333,1193.333333,1233.333333,1266.666667,1280,966.6666667,,12065,93.51,5.16,12.6,23.78,62.49,62.95
21-Jun,206,12.27,4.91,75,11.91,3.2,498,3.3,900,1000,1100,1220,1260,1280,1300,966.6666667,,13035,93.35,4.79,12.35,23.24,62.73,63.27
02-Oct,191,10.97,3.89,500,14,3.16,513.6666667,3.4,930,1053.333333,1150,1236.666667,1300,1300,1250,966.6666667,82.86,13125,92.73,5.25,12.31,23.44,62.29,63.33
04-Oct,192,11.98,3.89,500,13,3.15,500,3.4,936.6666667,1056.666667,1156.666667,1236.666667,1286.666667,1286.666667,1250,966.6666667,81.84,13355,92.99,5.15,12.01,24.02,62.29,63.36
19-Jun,204,11.53,5.18,365,11.45,3.2,508.5,3.1,900,1000,1100,1220,1240,1260,1283.333333,966.6666667,,13525,94.13,4.49,12.57,23.72,62.69,63.34
08-Jun,202,12.62,5.02,500,12.14,3.2,508.6666667,3.4,900,1000,1100,1206.666667,1240,1260,1270,966.6666667,,13550,93.87,4.9,12.31,22.58,62.81,63.56
03-Jul,214,13.54,3.88,720,15,2.9,480.8333333,3.45,900,986,1086.666667,1193,1233,1266,1283,966,,11075,94.03,4.55,12.36,25.23,62.62,63.2
04-Jul,223,12.06,3.99,550,17,2.7,485.6666667,3.3,900,980,1086,1186,1220,1266,1283,966,,11280,94.55,4.04,12,24.24,62.07,62.68
11-Jul,208,12.24,4.7,525,15,3.2,504.3333333,3.2,886,1000,1100,1220,1260,1280,1300,966,,12985,94.02,4.56,12.24,22.84,62.37,63.19
14-May,201,14.99,4,480,13,3.183333333,462,3.066666667,850,1050,1150,1220,1240,1243.333333,1240,963.3333333,,12005,93.22,5,11.18,23.33,61.67,62.61
10-Apr,206,14.95,3.98,450,13,2.8,484.1666667,2.6,850,1000,1140,1230,1240,1255,1255,960,,11570,93.45,4.69,11.88,23.16,61.78,62.78
16-May,198,14.99,4,480,12,3.3,466,2.8,850,1050,1150,1230,1240,1240,1240,960,,12005,93.59,4.64,11.34,23.28,61.78,62.57
11-Apr,209,13.98,4,450,12,2.866666667,492.8333333,2.766666667,850,990,1030,1230,1240,1255,1246.666667,956.6666667,,12015,93.56,4.55,11.71,23.23,61.86,62.85
26-Feb,190,14.95,4.05,275,14,3.023333333,488,3.366666667,900,1000,1100,1200,1300,1280,1280,956.6666667,85.37,12105,92.93,5.29,12.09,23.99,61.91,62.67
05-Mar,197,13.43,3.77,,11,2.83,514.8333333,3.4,900,1000,1100,1200,1250,1280,1200,956.6666667,,12215,93.6,4.91,12.28,23.09,62.82,63.6
21-Apr,199,11.97,3.97,450,12,2.98,494.1666667,3.633333333,850,1050,1150,1220,1230,1236.666667,1243.333333,956.6666667,,12610,93.96,4.29,11.76,23.1,61.55,62.32
21-May,196,15.02,3.99,461,12,2.793333333,487.3333333,2.933333333,850,1040,1150,1210,1230,1230,1220,955,,11520,94.19,4.06,11.22,23.34,62.56,63.47
18-Apr,204,11.97,3.91,500,11,2.95,504.3333333,3.566666667,850,1050,1150,1220,1240,1240,1243.333333,953.3333333,,13035,93.94,4.22,11.75,22.82,61.74,62.45
28-Jul,207,12.41,4.38,125,30,2.2,440,3.2,900,1000,1100,1200,1240,1260,1280,950,,2740,94.64,3.84,12.56,23.15,62.85,63.39
8/24/2022,207,11.58,5.86,0,20.32,2.5,452,2.8,900,1000,1120,1200,1240,1260,1280,950,,7165,93.93,4.72,11.85,22.39,62.38,63.15
25-Apr,185,22.05,3.94,250,14,2.563333333,452.5,3.2,850,1050,1150,1220,1240,1250,1253.333333,950,82.97266667,7620,93.11,5.03,11.57,23.71,61.31,62.07
08-11-2022,213,12.64,4.53,425,15.19,2.5,474.5,3.3,900,1000,1100,1200,1240,1260,1280,950,,8385,94.18,4.4,12.17,22.86,62.9,63.51
8/20/2022,210,13.06,6.24,0,16.01,2.333333333,468.3333333,3.1,900,1000,1100,1200,1240,1260,1280,950,,8650,94.44,4.18,12.4,22.59,63.17,63.66
8/25/2022,205,12.89,4.78,0,14.12,2.4,475,3.1,900,1000,1100,1200,1240,1260,1280,950,,9000,93.69,4.72,11.84,23.05,62.3,62.93
8/29/2022,217,12.89,5.89,0,13.67,2.4,475,3.15,900,1000,1100,1200,1240,1260,1280,950,,9000,93.73,4.38,12.28,22.49,62.65,63.29
07-07-2023,207,14,6,0,16.72,4,494.8333333,4.4,900,1000,1110,1210,1260,1280,1300,950,83.52,9000,93.63,4.71,12.42,22.69,62.14,62.91
8/21/2022,212,11.88,6,0,15.22,2.4,473.6666667,3.5,900,1000,1080,1180,1226,1260,1280,950,,9005,94.53,4.3,12.24,22.53,63.12,63.8
8/19/2022,213,15.55,6,0,15.56,2.6,479,3.5,900,1000,1100,1200,1240,1260,1280,950,,9005,94.05,4.46,11.97,22.31,63.18,63.72
08-06-2022,209,14.86,6.32,0,15.28,2.6,485,3.8,800,1000,1120,1200,1240,1260,1280,950,,9020,94.26,4.44,12.13,23.41,62.67,63.17
08-12-2022,213,12.94,4.31,450,14.7,2.7,467.3333333,3.3,900,1000,1100,1200,1124,1260,1280,950,,9040,93.79,4.53,12,22.81,63,63.62
8/18/2022,205,14.48,5.52,0,15.98,2.4,488,3.5,900,1000,1100,1200,1240,1260,1280,950,,9050,93.75,4.89,11.79,22.51,63.1,63.78
08-10-2022,214,13.47,3.64,425,13.75,2.25,486.6666667,3.5,900,1000,1100,1200,1240,1260,1280,950,,9060,94.17,4.5,12.14,23.07,62.67,63.3
08-09-2022,212,13.55,4.3,425,14.04,2.5,481,3.6,900,1020,1100,1200,1240,1260,1280,950,,9080,94.03,4.39,12.18,22.34,62.75,63.34
07-08-2023,207,13.04,6.03,0,17.14,3.216666667,475.5714286,3.033333333,900,1000,1113,1213,1266,1286,1306,950,84.01,9125,93.57,4.77,12.5,23.76,62.55,63.29
08-05-2022,214,14.85,6.22,0,15.79,2.6,445,3.5,900,1000,1100,1200,1240,1260,1280,950,,9160,94.44,4.26,12.41,22.47,62.59,63.28
8/22/2022,206,11.67,5.89,0,15.48,2.7,469,2.6,900,1000,1100,1200,1240,1260,1280,950,,9165,94.3,4.52,12.03,22.37,62.81,63.56
08-07-2022,207,14.12,5.65,250,14.51,2.7,490,3.8,900,1000,1100,1200,1240,1260,1280,950,,9205,93.9,4.54,11.73,22.96,62.69,63.23
08-08-2022,206,14.62,3.98,375,14.75,2.7,485,3.8,900,1000,1100,1200,1240,1260,1280,950,,9300,93.67,4.67,11.84,23.07,62.57,63.26
08-04-2022,211,13.94,5.25,150,13.96,2.7,470,3.4,900,1000,986,1186,1226,1260,1280,950,,9325,94.3,4.25,12.54,22.9,62.94,63.49
08-03-2022,212,11.56,3.32,575,14.21,2.6,479.3333333,3.2,900,1000,1100,1200,1240,1260,1280,950,,9345,94.18,4.59,12.26,22.59,62.8,63.33
8/17/2022,211,14.82,5.01,221,15.92,2.85,485,3.5,900,1000,1100,1200,1240,1260,1280,950,,9380,94.09,4.46,12.07,22.93,63.15,63.76
8/23/2022,204,12.01,6.06,0,14.62,2.4,466,2.75,900,1000,1100,1200,1240,1260,1280,950,,9410,93.79,4.44,12.13,22.82,62.55,63.39
8/26/2022,209,10.6,5.19,0,12.95,2.6,456.1333333,3,900,1000,1100,1200,1240,1260,1280,950,,9435,94.06,4.45,12.11,22.45,62.44,63.09
29-Jul,210,13.59,4.11,325,13,2.6,482.1666667,3.3,900,1000,1100,1200,1240,1260,1280,950,,9495,94.16,4.45,12.81,22.32,62.61,63.24
8/27/2022,211,10.53,6,0,12.91,2.4,468.25,2.9,900,1000,1100,1200,1240,1260,1280,950,,9500,93.93,4.78,11.91,22.93,62.61,63.35
8/13/2022,208,13.56,4.31,375,14.86,2.6,486.5,3.3,900,1006.666667,1100,1200,1240,1260,1280,950,,9510,94.15,4.24,12.51,21.93,62.75,63.64
8/30/2022,221,12.2,6.1,0,12.85,2.4,472,3.3,900,1000,1100,1200,1240,1260,1280,950,,9510,93.94,4.63,12.19,21.72,62.72,63.28
08-02-2022,212,10.73,4.48,400,13.78,2.6,466.8333333,3.2,900,1000,1100,1200,1240,1260,1280,950,,9600,94.14,4.22,11.7,22.96,62.59,63.22
08-01-2022,214,11.41,4.21,400,12.85,2.54,478.5,3.2,900,1000,1100,1200,1240,1260,1280,950,,9730,94.03,4.71,12.27,22.95,62.77,63.37
8/31/2022,224,11.11,6.11,0,12.77,2.64,484,3.2,900,1000,1100,1200,1240,1260,1280,950,,9815,94.67,3.83,12.75,22.23,62.52,63.39
09-09-2022,205,13.19,5.78,0,13.63,2.7,478,3.5,900,1000,1100,1200,1240,1260,1280,950,,9855,94.33,4.55,12.31,23.67,62.78,63.48
27-Jul,214,12.98,3.92,375,13,2.5,481.8333333,3.1,900,1000,1100,1200,1240,1260,1280,950,,9940,93.92,4.19,12.26,23.01,62.57,63.1
09-03-2022,213,12.19,6.2,0,13.81,2.65,485.5333333,3.3,900,1000,1100,1200,1240,1260,1280,950,,10005,94.4,4.28,12.4,22.97,62.67,63.26
11-06-2022,200,9.98,4.99,450,16.69,3.85,514,2.8,888.6666667,993.3333333,1093.333333,1193.333333,1226.666667,1246.666667,1226.666667,950,,10025,93.91,4.63,12.38,23.34,61.75,62.77
09-04-2022,213,12.66,6.18,0,14.21,2.98,482.3333333,3.5,810,1000,1100,1200,1240,1260,1280,950,,10030,94.48,4.23,12.69,22.88,62.7,63.31
09-05-2022,212,14.12,6.16,0,14.37,2.8,486,3.5,900,1000,1100,1200,1240,1260,1280,950,,10060,93.83,4.43,12.51,22.81,62.67,63.41
09-07-2022,210,13.71,6.06,0,13.77,2.6,477.8333333,3.5,900,1000,1100,1200,1240,1260,1280,950,,10065,93.93,4.69,12.44,22.85,62.75,63.51
09-01-2022,230,11.82,6.16,0,12.9,2.766666667,482.5,3.2,900,1000,1100,1200,1240,1260,1280,950,,10070,94.51,4.04,12.61,22.39,62.62,63.35
09-02-2022,208,11.3,6.05,0,13.5,2.7,485,3.2,900,1000,1100,1200,1220,1230,1240,950,,10090,94.16,4.36,12.55,22.75,62.58,63.25
31-Jul,212,11.61,3.84,375,12,2.733333333,489.8333333,3.2,900,980,1080,1180,1220,1260,1280,950,,10160,94.11,4.15,12.33,23.85,62.68,63.31
09-06-2022,214,13.79,6.12,0,13.77,2.8,473.5,3.4,900,1000,1100,1200,1240,1260,1280,950,,10295,94.47,4.1,12.42,23.17,62.68,63.43
30-Jul,208,14.33,3.68,375,13,2.6,486,3.4,900,1000,1100,1200,1240,1260,1280,950,,10330,94.02,4.47,12.21,23.19,62.8,63.52
09-10-2022,207,13.22,6.08,0,12.81,2.7,485,3.5,900,1000,1100,1200,1240,1260,1280,950,,10360,94.46,4.2,12.19,23.87,62.75,63.41
09-08-2022,211,13.2,6.07,0,13.19,2.45,480,3.4,900,1000,1100,1200,1240,1260,1280,950,,10380,94.28,4.35,12.35,23.07,62.79,63.53
18-Jul,213,12.25,4.88,400,14,2.66,483,3.1,980,1020,1100,1200,1240,1280,1300,950,,10450,93.57,4.36,12.1,23.62,62.24,63.02
26-Jul,220,12.87,4.57,375,12,2.5,477,3.1,900,1000,1100,1200,1240,1260,1280,950,,10720,94.32,4.1,12.18,23.43,62.58,63.22
16-Jul,214,11.66,4.85,450,14,2.5,488,3.1,900,1006,1106,1220,1260,1280,1290,950,,10725,94.25,4.28,12.3,22.78,62.26,63.07
17-Jul,213,12.39,4.94,425,13,2.61,486.6666667,3.2,953.3333333,1020,1100,1200,1240,1280,1300,950,,10735,93.99,4.33,12.1,23.06,62.27,63.08
9/16/2022,212,12.1,6.05,0,13.75,2.9,488,3.4,900,1000,1120,1220,1240,1260,1280,950,,10740,94.09,4.59,12.25,22.81,62.75,63.45
25-Jul,220,13.02,4.06,500,12,2.7,486,3.1,900,1000,1100,1200,1240,1260,1280,950,,10830,94.5,3.98,12.65,22.98,62.71,63.26
11-03-2022,211,10.01,4.87,475,14.13,2.6,520,3.6,900,1000,1100,1240,1280,1300,1280,950,,10885,94.24,4.47,12,22.56,62.63,63.39
19-Jul,211,12.51,4.11,425,13,2.7,483,3,900,1020,1120,1230,1240,1280,1300,950,,10950,94.01,4.23,12.12,23.26,62.3,63.01
20-Jul,209,13.33,4.2,475,12,2.85,484,3.1,900,1020,1130,1230,1240,1280,1300,950,,10950,93.99,3.98,12.35,22.51,62.14,63.06
9/21/2022,215,13.81,5.99,0,12.21,2.7,480,3.2,900,1000,1120,1220,1240,1260,1280,950,,11010,94.39,4.42,12.17,22.63,62.99,63.65
11/17/2022,209,11.89,4.17,725,14.41,3,508,3.8,920,1020,1120,1220,1260,1300,1263,950,,11020,94.59,4.09,11.78,22.69,62.63,63.51
05-Mar,188,14.97,3.99,400,14,2.723333333,484.5,3.466666667,850,970,1100,1200,1280,1280,1280,950,84.14,11020,93.05,5.26,12.3,23.32,61.81,62.47
9/22/2022,210,13.6,6.07,0,12.33,2.78,478.5,3.2,900,1000,1120,1220,1240,1260,1280,950,,11030,93.92,4.58,12.35,23.22,62.9,63.58
21-Jul,206,12.87,3.72,425,13,2.7,485,3.1,900,1020,1120,1220,1240,1260,1280,950,,11035,93.67,4.64,11.99,23.24,61.94,62.95
9/23/2022,214,13.58,5.61,0,12.35,2.733333333,515,3.2,900,1000,1120,1220,1240,1260,1280,950,,11045,94.36,4.25,12.15,22.67,62.84,63.71
21-Nov,200,12.91,3.88,400,17,2.73,460,2.7,820,1000,1150,1220,1280,1280,1250,950,87.3,11075,93.4,4.67,12.05,23.68,62.06,62.62
22-Jul,212,12.26,3.52,525,13,2.733333333,481,2.866666667,900,986.6666667,1106.666667,1206.666667,1240,1260,1280,950,,11090,93.89,4.42,12.43,22.58,62.32,62.94
07-01-2023,202,12.58,4.04,460,16.26,3.245333333,466.5,3.366666667,900,1000,1101.333333,1130,1230,1260,1240,950,85.53,11125,93.4,4.48,12.53,23.64,62.41,63.19
11/30/2022,200,11.27,4.35,525,14.18,2.8,485,3,920,1020,1150,1220,1260,1280,1240,950,,11265,93.6,4.62,11.98,22.3,62.95,63.79
9/28/2022,214,12.55,6.01,0,12.59,2.8,484,3.2,900,1000,1120,1220,1240,1260,1280,950,,11315,93.95,4.57,12.26,22.69,63.21,63.92
11/21/2022,197,11.14,4.53,525,15.69,2.7,489.3333333,3.8,920,1020,1120,1240,1280,1300,1280,950,,11485,93.33,4.77,11.48,21.77,62.33,63.23
11-05-2022,204,10,4.96,450,13.6,2.7,498,3.7,900,1000,1100,1220,1260,1260,1280,950,,11500,94.24,4.37,12.13,23.22,61.93,63.01
11-02-2022,215,10,4.87,575,14.44,2.85,512,3.1,900,1000,1100,1200,1240,1260,1240,950,,11505,94.34,4.39,12.19,22.58,62.8,63.41
11-04-2022,209,10,4,500,14.5,2.7,515,3.7,900,1000,1100,1220,1260,1280,1260,950,,11505,94.51,4.25,12.08,22.96,62.11,63.08
12-06-2022,204,11.9,4.95,225,13.47,3,474.8333333,3.4,900,1000,1120,1180,1240,1240,1226,950,,11510,93.87,4.62,12.11,22.89,63.07,63.88
9/27/2022,210,11.9,6.08,0,11.89,2.85,495.6666667,3.1,900,1000,1120,1220,1240,1260,1280,950,,11510,94.18,4.33,12.26,22.64,63.1,63.9
9/24/2022,210,13.89,6.08,0,11.78,2.933333333,480,3,900,1000,1120,1220,1240,1260,1280,950,,11520,94.57,4.1,12.21,23.13,62.94,63.65
10-04-2022,204,13.19,6.07,0,13.36,2.66,492,3.5,900,1000,1120,1220,1240,1260,1280,950,,11525,94,4.71,12.23,23.32,62.6,63.61
09-12-2022,216,12.27,6.05,0,13.45,2.65,500,3,900,1000,1100,1220,1260,1280,1300,950,,11570,94.47,4.27,12.45,22.78,62.93,63.44
9/15/2022,207,11.06,6.05,0,12.59,2.6,488,3.2,900,1000,1110,1210,1260,1280,1300,950,,11575,93.9,4.58,12.18,22.9,63.04,63.72
9/18/2022,215,12.05,5.68,0,15.22,2.9,484.5,3.5,900,1000,1120,1220,1240,1260,1280,950,,11620,94.35,4.39,12.34,23.58,63.03,63.67
11-01-2022,205,9.97,4.21,875,14.11,2.75,488.3333333,3,900,1000,1100,1200,1240,1260,1240,950,,11635,94.19,4.38,11.72,22.63,62.67,63.35
9/17/2022,209,12.86,5.88,0,13.22,2.9,490,3.4,900,1000,1120,1220,1240,1260,1280,950,,11740,94.24,4.39,12.39,22.74,63.12,63.79
12-05-2022,204,12.58,4.42,600,12.65,2.9,490.6666667,3.4,890,1000,1120,1180,1240,1240,1230,950,,11765,93.85,4.62,12.09,22.61,62.9,63.6
9/26/2022,212,11.28,4.66,0,11.79,2.8,506.1666667,3,900,1000,1120,1220,1240,1260,1280,950,,11795,94.34,4.47,12.41,22.74,63.02,63.74
27-Feb,189,14.84,5.09,359.5,14,2.93,491.3333333,3.533333333,900,1000,1100,1200,1300,1280,1280,950,83.96,11795,93.07,5.03,11.84,24.03,61.85,62.52
9/13/2022,214,10.98,6.08,0,12.59,2.7,485,3,900,1000,1100,1200,1260,1280,1300,950,,11835,94.28,4.44,12.38,23.43,63.07,63.65
9/25/2022,214,13.18,6.17,0,11.62,2.816666667,500,3,900,1000,1120,1220,1240,1260,1280,950,,11840,94.4,4.34,12.25,23.41,62.84,63.63
09-11-2022,215,13.19,6.13,0,13.47,2.7,508,3,900,1000,1100,1220,1260,1280,1300,950,,11900,94.23,4.42,12.26,23.08,62.73,63.3
7/29/2023,202,14.77,4.01,600,13.63,3.32647619,447.7,3.252380952,900,1000,1100.190476,1094,1214,1254,1258,950,66.62,11985,93.71,4.55,12.46,24.32,62.22,63.05
13-Mar,195,11.58,3.83,,11,2.773333333,509,3.8,900,1000,1100,1200,1250,1280,1200,950,,12005,94.08,4.36,12.23,22.81,62.48,63.15
12-01-2022,204,11.5,4.16,675,14.5,2.9,499,3,920,1020,1150,1220,1260,1280,1240,950,,12005,93.93,4.5,12.16,22.54,62.96,63.69
17-May,203,16.99,4,480,12.29,3.25,467.6666667,2.8,850,1046.666667,1150,1233.333333,1246.666667,1253.333333,1253.333333,950,,12005,93.68,4.58,11.54,22.94,62.28,62.97
10/22/2022,213,10.07,4.41,675,13.22,2.7,495,3.1,900,1000,1100,1200,1240,1260,1240,950,,12010,94.79,3.99,12.09,22.57,63.01,63.7
18-May,204,16.98,4,480,12,3.106666667,485.8333333,3.066666667,850,1040,1150,1220,1240,1240,1213.333333,950,,12015,94.38,4.07,11.36,22.87,62.5,63.35
9/30/2022,209,12.48,5.99,0,11.87,2.85,487.3333333,3.2,900,1000,1120,1220,1240,1260,1280,950,,12020,94.45,4.36,12.12,22.42,63.04,63.45
10/21/2022,203,10.15,4.32,625,12.76,2.9,488,3.1,900,1000,1100,1200,1240,1260,1240,950,,12025,94.34,4.41,12.16,22.46,62.74,63.43
12-08-2022,204,11.48,4.24,700,14.37,2.9,491.3333333,3.2,900,1086.666667,1140,1200,1260,1280,1240,950,,12025,93.5,4.81,12.16,23.87,62.83,63.62
10-02-2022,208,12.88,5.99,0,11.9,2.9,498,3.3,900,1000,1120,1220,1240,1260,1280,950,,12030,94.33,4.2,11.84,22.89,63.14,63.73
9/14/2022,210,10.8,6.07,0,11.5,2.75,488.1666667,3.1,900,1000,1100,1206,1260,1280,1300,950,,12035,94.13,4.54,12.47,23.41,62.99,63.63
10-03-2022,210,13.2,5.89,0,12.84,2.9,501.8333333,3.4,900,1000,1120,1220,1240,1260,1280,950,,12050,94.23,4.49,12.17,22.95,63.02,63.77
11-Mar,192,11.68,3.65,400,12,2.786666667,510,3.9,900,1000,1100,1200,1250,1280,1200,950,86.174,12070,93.62,4.69,12.13,22.77,62.48,63.31
12-02-2022,204,11.93,4.39,700,13.39,2.95,497.3333333,3.5,900,1000,1120,1220,1240,1260,1240,950,,12070,94.2,4.42,11.89,22.45,62.99,63.88
10-05-2022,201,13.09,5.39,0,12.57,2.75,535,3.7,900,1000,1120,1220,1240,1260,1280,950,,12070,93.71,4.78,11.93,22.94,62.32,63.23
11/22/2022,202,11.26,3.39,700,14.02,2.7,523,2.3,920,1020,1120,1226,1226,1236,1260,950,,12080,93.97,4.73,11.43,21.86,62.74,63.35
9/20/2022,210,13.07,5.88,0,12.41,2.8,476.8333333,3.2,900,1000,1100,1220,1240,1260,1280,950,,12085,94.16,4.53,12.34,23.42,62.91,63.53
10-01-2022,210,12.25,6.04,0,12.08,2.8,502,3.2,900,1000,1120,1220,1240,1260,1280,950,,12085,94.6,4.11,12.06,23.32,63.02,63.6
9/29/2022,213,12.25,6.04,0,12.05,2.85,498,3.2,900,1000,1120,1220,1240,1260,1280,950,,12085,94.3,4.35,12.42,23.66,63.09,63.57
12-Mar,188,11.49,3.72,334,11,2.85,512.5,3.866666667,900,1000,1100,1200,1250,1280,1200,950,84.55,12095,93,5.22,12.24,22.52,62.34,63.18
11/28/2022,199,13.38,4.46,525,13.17,2.82,501,3.8,910,1006.666667,1106.666667,1240,1253,1256.666667,1233,950,,12105,93.23,5.15,11.85,22.56,62.98,63.78
12-Feb,187,14.95,3.88,350,14,3.103333333,490,3.266666667,900,1050,1160,1240,1300,1280,1280,950,84.43,12110,92.73,5.31,11.93,24.22,61.88,62.73
11/26/2022,202,13.44,4.29,750,13.25,3,509,4,900,1000,1100,1220,1260,1280,1240,950,,12125,93.49,4.95,11.88,22.91,63.53,64.05
11/20/2022,203,11.62,4.12,725,14.85,2.81,519,3.8,920,1020,1120,1240,1280,1300,1280,950,,12135,93.86,4.43,11.81,22.04,62.06,63.38
11/29/2022,203,13.08,4.03,700,14.63,2.75,492,3.8,920,1020,1120,1220,1260,1280,1240,950,,12160,93.05,5.24,12.12,22.66,63.03,63.76
06-Mar,195,11.47,3.93,,12,2.913333333,485,3.466666667,900,1000,1100,1200,1250,1280,1200,950,,12210,93.5,4.88,12.24,22.97,62.73,63.65
10-Mar,194,10.63,3.68,,11,2.81,516,3.666666667,900,1000,1100,1200,1250,1280,1200,950,,12225,93.44,5,12.25,22.9,62.59,63.45
08-Mar,194,11.59,3.92,,11,2.885,503,3.4,900,1000,1100,1200,1250,1280,1200,950,,12255,93.62,4.65,12.31,22.96,62.64,63.52
10/31/2022,198,10.04,4.9,800,14.02,2.95,535,3.1,900,1000,1100,1200,1240,1260,1240,950,,12255,93.79,4.54,11.95,23.12,62.56,63.39
10/14/2022,189,10.11,6.04,330,13.67,3.1,493.6666667,3.116666667,920,1040,1140,1226,1250,1266,1226,950,84.095,12260,93.48,4.98,12.35,23.41,63.22,63.83
17-Jan,183,12.88,3.91,450,16,2.943333333,484,3.3,900,1050,1150,1220,1280,1280,1270,950,86.02,12265,93.04,5.04,11.84,23.92,61.91,62.87
11/24/2022,197,13.52,3.99,750,14.66,3,465,4,900,1000,1100,1200,1240,1260,1240,950,,12280,93.26,5.26,11.82,22.84,63.04,63.67
11/27/2022,193,13.36,3.99,725,13.98,2.87,513,4,900,1000,1100,1220,1260,1280,1240,950,,12280,93.04,5.36,11.84,22.89,63.18,63.87
12-07-2022,202,12.25,4.3,600,12.75,3.1,472,3.5,900,1000,1120,1180,1240,1260,1240,950,,12330,93.82,4.64,11.9,22.86,63.32,63.98
12-03-2022,205,12.63,5.02,525,13.61,2.9,492,3.333333333,900,1000,1120,1200,1240,1240,1220,950,,12350,94.17,4.33,12.04,22.51,63.02,63.9
10/24/2022,202,10.04,4.86,650,13.6,2.88,502,3.2,900,1000,1100,1200,1240,1260,1240,950,,12350,93.93,4.5,12.22,22.8,62.97,63.69
12-04-2022,202,12.69,4.45,525,12.46,3,494,3.3,900,1000,1120,1200,1240,1240,1220,950,,12370,93.93,4.42,11.85,22.43,63,63.71
07-Mar,198,11.45,3.87,,11,2.88,491.8,3.4,900,1000,1100,1200,1250,1280,1200,950,,12405,93.76,4.78,12.15,22.9,62.68,63.55
10/23/2022,208,9.99,4.35,475,13.72,2.9,502,3.1,900,1000,1100,1200,1240,1260,1240,950,,12410,93.95,4.44,12.45,22.67,62.99,63.6
19-Jan,179,12.72,3.95,450,15,3.003333333,510.6666667,3.233333333,900,1050,1150,1220,1280,1280,1280,950,85.8,12420,92.87,5.33,11.83,24.02,61.88,62.69
10/25/2022,203,10.03,4.41,700,12.86,2.8,503,3.2,900,1000,1100,1200,1240,1260,1240,950,,12460,93.73,4.69,11.98,22.58,62.91,63.76
12-09-2022,203,11.56,4.65,525,13.64,3.05,493,3.3,900,1126.666667,1126.666667,1183.333333,1240,1280,1250,950,,12460,93.84,4.89,12.17,23.14,62.62,63.53
12-12-2022,204,12.74,4.49,525,12.5,2.9,505,3.7,900,1000,1100,1150,1240,1260,1166.666667,950,,12480,94.21,4.33,12.09,23.48,62.89,63.67
12/14/2022,205,13.84,4.4,600,13.21,3.1,488.8333333,3.7,900,1000,1100,1200,1240,1260,1240,950,,12500,94.26,4.37,12.1,23.01,62.77,63.35
11/25/2022,198,13.27,4.64,775,13.86,2.8,482,4,900,1000,1100,1240,1280,1300,1280,950,,12505,93.69,4.58,11.66,22.55,63.29,63.92
12/16/2022,204,12.31,4.24,500,12.04,3.15,495,3.4,900,1000,1100,1150,1240,1270,1150,950,,12510,93.73,4.8,12.09,22.74,62.8,63.53
11/23/2022,200,12.63,4.24,450,15.05,2.75,542,3.6,906,1020,1120,1220,1240,1260,1220,950,,12510,93.73,4.52,12.08,22.01,62.65,63.37
10/19/2022,196,10.07,4.64,625,13.64,3,498,2.966666667,920,1050,1150,1220,1250,1260,1240,950,,12510,94.05,4.65,12.26,23.06,62.78,63.55
12-10-2022,203,12.31,4.32,525,13.22,3.04,492,3.7,900,1000,1100,1150,1240,1270,1240,950,,12510,93.92,4.4,12.06,23.11,62.8,63.62
9/19/2022,209,12.78,5.99,0,13.76,2.966666667,500,3.3,900,1000,1120,1220,1240,1260,1280,950,,12520,93.99,4.67,12.38,23.01,62.99,63.56
10/20/2022,199,10.14,4.63,600,11.69,3,504.6666667,3,900,1000,1100,1200,1240,1260,1240,950,,12525,94.4,4.13,11.92,22.96,62.75,63.38
11/19/2022,204,11.73,4.07,750,14.61,3,492,3.8,920,1020,1120,1240,1280,1300,1280,950,,12530,94.42,4.18,12.07,21.82,61.98,63.33
7/30/2023,202,15.79,3.99,625,13.5,3.367047619,438.3,3.195238095,900,1000,1099.619048,1076,1206,1251,1267,950,63.71,12540,93.54,4.55,12.57,23.69,62.25,63.2
12-11-2022,202,12.99,4.38,500,12.72,3.07,485,3.7,900,1000,1100,1150,1240,1270,1240,950,,12550,93.62,4.73,12.06,22.78,62.79,63.64
12/13/2022,205,12.69,5.16,500,12.58,3.15,498.8333333,3.6,900,1000,1100,1150,1240,1260,1150,950,,12605,93.45,4.71,12.15,23.65,62.81,63.44
12/15/2022,203,13.28,4.27,525,12.02,2.9,500,3.8,900,1000,1100,1200,1240,1260,1240,950,,12650,94.03,4.38,12.04,23.16,62.64,63.19
18-Jan,177,12.71,3.95,500,15,2.87,498,3.3,900,1050,1150,1220,1280,1280,1280,950,85.18,12665,92.78,5.39,11.71,24.19,61.85,62.78
7/24/2023,202,13.8,3.86,800,13.43,3.285904762,457.1,3.30952381,900,1000,1100.761905,1112,1222,1257,1249,950,77.8,12685,93.6,4.82,12.38,23.44,62.5,63.46
12/17/2022,202,11.9,4.26,525,12.32,3.05,494,3.3,900,1000,1100,1150,1260,1260,1150,950,,12690,93.69,4.6,11.98,23.27,62.83,63.57
11-09-2022,196,9.98,4.25,425,13.58,3,510,3.9,900,1000,1100,1220,1260,1260,1280,950,,12720,93.92,4.41,11.95,23.56,61.84,62.62
12/25/2022,199,14.07,6.05,0,11.34,3.15,492,3.6,900,1000,1100,1150,1240,1260,1130,950,,12725,92.89,5.34,12.19,22.35,62.69,63.48
12/24/2022,197,13.1,6.12,0,12.12,2.8,510,3.6,900,1000,1100,1150,1246,1266,1130,950,,12745,93.36,4.91,12.05,22.69,62.74,63.64
10/28/2022,200,10.02,4.23,550,12.98,2.8,499,2.9,900,1000,1100,1200,1240,1260,1240,950,,12770,94,4.73,11.74,22.51,62.61,63.65
09-Jul,219,12.68,5.17,425,15,3.15,499,3.33,900,970,1080,1180,1240,1260,1280,950,,12775,94.58,3.95,12.73,23.39,62.29,63.12
11/14/2022,205,11.09,5,725,13.76,2.8,510,3.2,920,1020,1120,1220,1260,1280,1243,950,,12800,94.34,4.37,11.97,22.91,62.68,63.49
10/26/2022,203,8.08,5.05,575,12.73,3,500,3.1,900,1000,1100,1200,1240,1260,1240,950,,12865,93.87,4.57,11.88,22.67,62.87,63.73
11/13/2022,202,10.46,4.61,650,14.3,2.8,537,3.2,920,1020,1120,1220,1260,1280,1240,950,,13005,94.24,4.4,12.02,22.58,62.63,63.42
11/15/2022,204,11.61,4.46,550,14.36,2.8,529.1666667,3.3,920,1020,1120,1220,1260,1280,1260,950,,13005,94,4.58,12.11,22.62,62.83,63.62
10/29/2022,205,9.99,4.53,725,13.24,2.75,505,2.9,900,1000,1100,1200,1240,1260,1240,950,,13010,94.09,4.51,11.96,22.8,62.87,63.6
10/16/2022,197,9.68,4.15,600,13.05,3.03,498.5,2.97,900,1000,1100,1200,1240,1260,1240,950,,13010,93.69,4.83,12.32,22.18,63.03,64.14
11/16/2022,202,12.06,3.84,600,13.96,3.1,506.5,3.7,920,1020,1120,1220,1260,1280,1260,950,,13015,93.57,4.81,12.19,21.72,62.86,63.64
11-10-2022,201,9.98,4.61,550,12.72,2.98,492.6666667,2.9,900,1000,1100,1200,1243,1260,1240,950,,13020,94.27,4.25,12.16,22.61,62.89,63.55
10/27/2022,199,8.45,4.84,600,13.32,3.1,502,2.9,900,1000,1100,1200,1240,1260,1240,950,,13025,93.68,4.85,11.98,22.65,62.44,63.55
10/17/2022,199,10.13,4.22,600,12.13,3,493,3,900,1000,1100,1200,1240,1260,1240,950,,13025,93.81,4.81,11.84,22.91,62.93,63.88
22-Jun,208,12.82,5.07,,12.03,3.1,498,3.45,900,1086.666667,1186.666667,1246.666667,1246.666667,1266,1386,950,,13030,93.56,4.59,12.74,22.6,62.35,63.2
10-11-2022,193,10.43,5.91,0,12.04,3.06,503,3,920,1020,1120,1240,1260,1280,1220,950,,13035,93.61,5.09,12.14,22.96,62.99,63.74
10/15/2022,202,9.74,5.98,0,12.85,3.1,500.6666667,2.85,920,1050,1150,1220,1240,1260,1240,950,,13045,94.13,4.36,12.24,23.01,63.21,64.07
11-12-2022,200,11.64,4.75,650,13.41,2.85,514,3.4,920,1020,1120,1220,1260,1280,1250,950,,13055,94.29,4.43,12.07,22.76,62.86,63.61
11-11-2022,197,12.62,3.67,525,13.87,3,520,3.7,900,1000,1100,1220,1260,1280,1240,950,,13070,94.22,4.41,12.04,22.88,63.06,63.74
10-08-2022,200,14.36,6.04,0,11.3,3.1,509,3.4,900,1000,1100,1160,1220,1226,1226,950,,13090,93.97,4.67,12.39,22.97,63.11,63.65
10/18/2022,196,10.08,4.43,600,12.39,2.993333333,492.6666667,2.95,900,1000,1100,1200,1243,1260,1240,950,,13090,92.94,5.79,11.66,23.01,63.09,63.85
10-12-2022,194,12.43,6.03,0,12.69,3.1,502.5,3.1,920,1020,1120,1240,1260,1280,1220,950,,13110,93.18,5.1,12.37,22.36,63.12,64.16
10-10-2022,193,13.03,5.95,0,12.55,3.1,507,3.2,900,1006,1106,1240,1240,1260,1206,950,83.9,13120,92.67,5.64,12.25,22.98,63.09,63.79
14-Jul,212,11.19,4.79,400,14,3.1,503,3,900,1000,1100,1220,1250,1260,1280,950,,13140,93.86,4.46,12.33,22.34,62.15,63.09
10/13/2022,187,10.49,6.08,0,12.77,3.1,509,3.4,920,1050,1150,1240,1260,1280,1260,950,83.983,13150,93.33,4.78,12.22,23.14,63.09,64
12-Jul,207,12.18,4.92,500,13,3.2,494.8333333,3.2,900,1000,1100,1220,1260,1270,1290,950,,13220,93.85,4.75,12.15,22.9,62.58,63.2
10-09-2022,194,14.72,6.19,0,12.56,3.1,506.3333333,3.4,900,1000,1100,1200,1220,1240,1200,950,,13245,93.53,5.06,12.28,22.51,63.15,63.82
13-Jul,204,11.18,4.8,325,14,3.15,507,3,900,1000,1100,1220,1250,1270,1290,950,,13330,93.66,4.63,12.44,23.89,62.26,63.12
23-Jun,213,12.63,5.16,,11.22,3.15,504.5,3.4,900,980,1080,1180,1240,1260,1280,950,,13380,93.86,4.32,12.81,23.77,62.31,63.17
27-Jun,211,12.51,6.33,,12.97,,501.8333333,2.81,900,1000,1120,1220,1240,1260,1280,950,,13425,93.59,4.92,12.64,23.21,62.62,63.05
18-Jun,205,12.73,5.11,390,11.81,3.2,505,3.3,900,1000,1100,1220,1240,1260,1280,950,,13515,93.58,4.51,12.42,23.66,62.63,63.21
09-Jun,200,12.17,4.79,400,13.08,3.2,508.8333333,3.383333333,900,1000,1100,1200,1233.333333,1253.333333,1273.333333,950,,13560,94.18,4.3,12.5,23.65,62.64,63.48
10-Jun,198,12.9,4.64,400,13.23,3.2,509.3333333,3.7,900,1000,1100,1200,1240,1250,1273.333333,950,,13800,94.28,4.33,12.48,22.74,62.67,63.61
15-Jun,205,15.2,4.97,375,12.35,3.2,502.3333333,4.2,900,1000,1100,1200,1230,1250,1270,950,,13880,93.95,4.53,12.66,23.35,62.62,63.38
17-Jun,200,15.4,5.01,300,12.2,3.2,509,4.2,900,1000,1100,1220,1250,1270,1290,950,,13965,93.24,4.97,12.53,23.61,62.51,63.11
14-Jun,208,14.46,4.8,400,12.76,3.25,525.1666667,4,900,1000,1100,1200,1230,1250,1270,950,,13970,94.38,4.3,12.36,23.4,62.61,63.49
25-Feb,185,14.98,4.15,420,14,3.05,492.6666667,3.4,900,1000,1100,1200,1300,1280,1280,946.6666667,86.24,12280,93.01,5.03,11.94,23.81,61.77,62.61
20-Apr,200,11.99,3.92,500,12,3.003333333,496.8333333,3.533333333,850,1050,1150,1153.333333,1230,1226.666667,1236.666667,946.6666667,,13010,93.83,4.46,11.79,22.69,61.64,62.4
12-May,204,14.59,3.86,463,13,3.266666667,471,3.166666667,850,1050,1150,1220,1240,1250,1240,940,,11922,93.39,4.82,11.33,23.25,61.57,62.45
10-May,203,14.99,4,480,13,3.203333333,469.6666667,3.666666667,850,1050,1150,1220,1240,1240,1250,940,,12010,93.79,4.29,11.29,23.32,61.33,62.32
19-Apr,204,11.98,3.84,450,12,2.76,496.8333333,3.5,850,1050,1150,1220,1240,1220,1230,940,,13025,93.88,4.4,11.7,22.42,61.57,62.38
15-Oct,194,13,3.94,450,13,2.803333333,457.3333333,3.133333333,900,1000,1150,1200,1280,1280,1250,933.3333333,83.69,11165,93.09,4.92,12.36,23.66,62.09,62.57
22-May,196,14.98,3.98,460,12,2.913333333,460,2.8,850,1040,1140,1200,1220,1223.333333,1190,933.3333333,,11545,93.48,4.69,11.31,23.21,62.29,63.26
13-May,197,15.01,4.03,466,13,3.2,474.1666667,3.016666667,850,1050,1150,1220,1240,1250,1240,933.3333333,,11660,93.48,4.86,11.33,23.14,61.87,62.77
04-May,201,12.99,4,420,12,3.25,445.6666667,3.433333333,850,1050,1150,1160,1246.666667,1246.666667,1226.666667,933.3333333,,12010,93.52,4.71,11.48,22.85,60.83,61.85
11-May,205,14.99,4.08,481,12,3.216666667,453,3.366666667,850,1050,1150,1220,1240,1243.333333,1243.33,933.3333333,,12011,93.56,4.64,11.44,23.18,61.52,62.51
08-Apr,195,14.94,3.98,450,10,3.023333333,495,3.133333333,1020,1050,1150,1240,1253.333333,1260,1260,933.3333333,65.14,12050,92.94,5.19,11.84,23.71,61.68,62.48
16-Feb,187,14.94,4.02,450,13,2.856666667,489.5,3.433333333,900,1000,1100,1200,1250,1280,1280,933.3333333,82.46,12185,92.63,5.7,11.7,23.97,61.76,62.33
26-Apr,202,12.99,4,400,12,3.083333333,471.3333333,2.966666667,850,1050,1150,1220,1246.666667,1246.666667,1236.666667,933.3333333,,12240,93.83,4.4,11.65,23.14,61.29,62.12
07-May,200,13.02,3.98,420,12,3.193333333,454,2.28,850,1050,1150,1220,1240,1246.666667,1253.333333,926.6666667,,12055,93.24,4.87,11.33,23.65,61.38,62.11
24-Feb,187,14.92,4.1,420,14,3.1,489.5,3.45,900,1000,1100,1200,1300,1280,1280,926.6666667,85.8,12200,93.13,5.05,11.95,23.75,61.89,62.74
03-May,204,12.99,3.88,250,13,2.425,292.7,3.375,825,925,1000,1035,1055,1055,1045,925,,7470,94.04,4.19,11.12,23.19,60.81,61.79
10/30/2022,198,10.01,4.57,750,13.71,2.75,500,2.85,900,1000,1100,1240,1240,1260,1250,925,,12690,94.12,4.5,12.06,22.76,62.88,63.51
09-May,206,13.26,4.08,480,13,3.246666667,458.5,3.566666667,850,1050,1150,1220,1240,1240,1250,920,,11761.45,93.87,4.36,11.42,23.44,61.12,62.11
04-Dec,185,14.98,3.91,450,15,3.14,494.3333333,3.466666667,900,1020,1150,1230,1286.666667,1250,1250,920,85.25,12020,92.45,5.68,12.15,23.95,61.89,62.42
18-Dec,194,12.06,3.99,450,14,2.916666667,484.6666667,2.9,926.6666667,1040,1123.333333,1240,1273.333333,1273.333333,1250,920,85.54,12020,93.39,5.17,12.32,23.66,62.09,63.04
11-Jun,206,15.02,3.98,485,12,3.15,470.5,3.7,850,1040,1140,1200,1200,1200,1160,920,,12050,93.69,4.62,11.56,23.07,62.68,63.4
30-Oct,194,12.95,3.9,75,14,3.116666667,484.6666667,2.9,820,1000,1150,1200,1273.333333,1273.333333,1250,920,83.24,12050,93.43,4.91,12.06,23.94,62.1,62.81
10-Jun,204,14.98,3.97,485,12,3.166666667,474,3.7,850,1040,1140,1200,1200,1200,1160,920,,12085,93.7,4.6,11.86,23.18,62.48,63.44
23-Feb,191,15,3.93,420,14,3.096666667,487.5,3.166666667,900,1000,1100,1200,1300,1280,1280,920,84.52,12205,93.07,5.19,11.98,23.54,61.86,62.65
22-Feb,187,15,3.95,460,13,3,481.3333333,3.25,900,1000,1100,1200,1300,1280,1280,920,84.13,12410,93.04,5.17,11.79,23.52,61.85,62.75
14-Feb,183,14.99,4,400,14,3.05,487,3.366666667,900,1016.666667,1146.666667,1240,1286.666667,1273.333333,1280,916.6666667,84.54,11005,92.89,5.46,11.64,24.3,61.8,62.4
20-May,193,15,4,480,12,3.033333333,476,3,850,1040,1150,1220,1240,1240,1216.666667,916.6666667,83.43245503,12000,93.92,4.31,11.27,23.31,62.71,63.55
13-Feb,185,15,3.89,450,13,3.096666667,491,3.1,900,1050,1160,1240,1300,1280,1280,916.6666667,83.41,12090,92.84,5.52,11.87,24.21,61.79,62.41
03-Dec,191,12.98,3.83,450,14,3.076666667,479.6666667,3.3,856.6666667,1006.666667,1150,1230,1300,1250,1250,913.3333333,85.02,12015,93.03,5.02,12.28,23.81,62.1,62.8
09-Dec,187,12.93,3.91,350,16,3.01,479,3.233333333,900,1050,1200,1250,1300,1250,1250,910,85.57,9205,92.76,5.35,12.16,23.66,62.13,63.27
08-Dec,188,12.93,3.91,350,13,2.96,482.6666667,3.066666667,900,1050,1200,1250,1300,1250,1250,910,84.13,11520,93.19,5,12.18,23.74,62.21,63.23
05-Dec,184,14.93,3.94,400,15,3.09,478.8333333,3.516666667,900,1020,1150,1230,1280,1250,1250,910,84.9,11925,92.43,5.65,12.16,24.29,61.98,62.32
30-May,202,15.01,4,490,12,3.133333333,468,3.3,850,1040,1140,1200,1200,1200,1160,910,,12260,93.78,4.48,11.62,23.02,62.31,63.06
08-May,203,12.99,4,480,12,3.183333333,447,2.233333333,850,1050,1150,1220,1240,1240,1243.333333,906.6666667,,12005,93.6,4.6,11.35,23.3,61.37,62.24
16-Dec,194,12,3.98,,15,3.12,488.8333333,3.166666667,900,1030,1130,1230,1280,1280,1250,906.6666667,83.56,12060,92.76,5.27,12.34,23.59,62.05,62.91
15-Dec,188,12,3.97,350,14,3.08,495,3.233333333,900,1030,1130,1230,1280,1280,1250,906.6666667,83.94,12100,92.6,5.14,12.24,23.89,62.07,62.93
09-Jan,192,12.7,6.19,0,26,2.81,499.6666667,2.933333333,950,1050,1150,1250,1280,1200,1066.666667,900,88.34533333,3070,93.65,4.9,12.23,23.6,61.88,62.87
18-Feb,187,15,4,200,17,3.02,490,3.183333333,900,1000,1100,1200,1280,1280,1280,900,84.03,8000,93.22,5.19,11.88,23.45,62.07,62.97
11-Nov,191,16.9,3.92,300,17,3.023333333,485,3.066666667,820,1000,1150,1250,1280,1280,1250,900,85.37666667,8165,92.88,5.38,12.34,22.8,62.28,63.25
14-Nov,193,16.96,3.9,260,16,3.066666667,471.3333333,2.883333333,820,1000,1150,1150,1280,1280,1250,900,86.28,8195,93.77,4.31,12.07,23.67,62.12,63.16
10-Jan,187,13,6.39,0,19,2.6,494,3.166666667,950,1050,1150,1250,1270,1233.333333,1116.666667,900,84.61,9080,93.01,5,11.98,23.44,62.44,63.04
24-Apr,186,14.99,3.98,350,12,3.07,462.1666667,3.666666667,850,966.6666667,1033.333333,1080,1093.333333,1100,1106.666667,900,84.09,9540,93.55,4.58,11.73,23.26,61.33,62.08
16-Nov,196,13.01,3.89,380,16,2.983333333,499.8333333,2.766666667,820,1000,1150,1250,1280,1280,1250,900,86.92,10530,93.23,4.78,12.29,23.41,61.96,63.13
06-Jan,195,13,6.48,0,16,2.846666667,476.5,3.4,950,1050,1150,1250,1280,1150,1116.666667,900,84.15,10650,93.78,4.43,11.91,23.71,61.9,62.66
17-Nov,203,12.94,3.88,360,15,2.8,471.1666667,2.633333333,820,1000,1150,1240,1266.666667,1266.7,1250,900,85.34,10820,93.39,4.68,12.35,23.17,61.81,62.9
24-Nov,202,15,3.86,400,17,2.93,445,2.8,820,1000,1150,1220,1293.333333,1280,1250,900,63.08,10870,92.97,5.16,12.22,23.41,62.18,62.54
23-Dec,186,12,3.91,350,17,2.866666667,501,3.4,950,1050,1150,1240,1280,1250,1150,900,87.25,11005,93.81,4.48,12.05,23.49,61.85,62.79
03-Nov,193,14.99,3.91,425,13,3.096666667,485.8333333,2.866666667,820,1000,1150,1240,1280,1280,1250,900,83.96,11005,92.57,5.59,12.16,23.74,62.11,62.77
07-Mar,186,14.99,4,450,14,2.893333333,472.5,3.5,850,950,1100,1200,1280,1280,1280,900,83.94,11010,92.8,5.37,12.26,23.71,62.07,62.82
25-Nov,202,13.98,3.9,350,17,2.906666667,464.3333333,2.7,820,1066.666667,1150,1220,1290,1280,1250,900,62.95,11015,92.64,5.39,12.37,23.9,62.2,62.49
08-Mar,187,14.95,3.99,400,13,2.793333333,484.3333333,3.6,850,950,1100,1200,1280,1280,1280,900,85.31,11035,92.96,5.28,12.34,22.95,61.96,62.82
19-Oct,193,12.95,3.89,350,15,3.033333333,471,2.633333333,900,1000,1150,1200,1260,1260,1250,900,83.98,11040,92.95,5.37,12.32,23.1,62.16,62.94
19-Nov,199,12.95,3.8,460,16,2.89,471.5,2.866666667,820,1000,1150,1220,1286.666667,1260,1250,900,85.41,11040,93.45,4.82,12.18,23.58,61.97,62.79
18-Oct,196,12.95,3.89,425,14,2.96,452,3.2,900,1000,1150,1200,1280,1280,1250,900,82.49,11045,93.51,4.8,12.38,23.71,62.09,62.49
06-Mar,195,15,3.98,450,13,2.77,479.3333333,3.316666667,850,950,1100,1200,1280,1280,1280,900,83.87,11045,92.92,5.29,12.14,23.89,61.88,62.65
26-Nov,197,14.48,3.89,400,17,3.053333333,461.5,2.766666667,820,1100,1150,1220,1283.333333,1280,1250,900,63.51,11050,92.53,5.29,12.25,23.45,62.13,62.39
22-Nov,201,15,3.89,350,15,3.003333333,479,2.7,820,1000,1150,1220,1280,1280,1250,900,63.32,11060,93.6,4.62,12.32,23.51,62.1,62.62
20-Nov,201,13.01,3.98,240,16,2.806666667,450.8333333,2.833333333,820,1000,1150,1220,1303.333333,1273.333333,1250,900,85.88,11065,93.4,4.65,12.15,23.39,62.06,62.74
18-Nov,199,12.99,3.88,440,16,2.843333333,465.8333333,2.466666667,820,1000,1150,1220,1260,1260,1250,900,87.35,11085,93.47,4.61,12.22,23.32,61.96,62.96
23-Nov,203,15,3.91,300,16,2.903333333,452,2.766666667,820,1000,1150,1220,1280,1280,1250,900,62.3,11245,93.26,4.51,12.38,23.49,62.16,62.65
07-Jan,194,12.76,6.47,0,15,2.546666667,494.6666667,3.2,950,1050,1150,1250,1280,1150,1150,900,83.73,11285,93.65,4.58,11.78,23.87,61.93,62.77
27-Nov,196,13.26,3.89,450,17,2.883333333,475,3.3,820,1100,1150,1220,1300,1290,1250,900,82.85,11310,92.44,5.42,12.24,23.71,62.19,62.58
04-Mar,187,14.96,3.94,400,13,2.906666667,468.3333333,3.466666667,900,1010,1100,1200,1300,1280,1280,900,85.97,11430,92.73,5.45,12.47,23.97,61.82,62.54
06-Oct,196,13,3.93,400,13,2.813333333,505,3.2,920,1020,1150,1230,1260,1260,1250,900,83.75,11460,93.35,4.58,12.29,23.53,62.16,63.29
15-Nov,192,17,3.98,420,15,3.1,487.3333333,2.8,820,1000,1150,1250,1280,1280,1250,900,86.57,11565,93.54,4.46,12.24,23.8,62.08,63.32
16-Oct,195,12.96,3.89,450,14,2.823333333,454,3.233333333,900,1000,1150,1200,1280,1280,1250,900,83.32,11575,93.44,4.75,12.28,23.75,62.15,62.59
25-Oct,195,12.94,3.88,400,16,3.133333333,475.3333333,3.133333333,820,1000,1150,1216.666667,1260,1260,1250,900,80.73,11590,93.12,5.19,12.34,23.49,61.99,62.87
08-Jan,192,12.88,6.44,0,16,2.69,504.1666667,2.816666667,950,1050,1150,1250,1280,1250,1200,900,84.02,11650,93.51,4.96,11.83,23.62,61.87,62.71
11-Jan,191,12.96,6.44,0,16,2.776666667,400,3,900,1000,1100,1200,1280,1280,1200,900,84.98,11650,93.03,5.13,12.05,23.8,62.11,62.91
24-Oct,193,12.93,3.94,450,16,3.026666667,474.8333333,3,820,1000,1150,1200,1260,1260,1250,900,85.25666667,11680,92.92,5.28,12.36,23.44,62.01,62.73
11-Dec,188,12.62,3.92,150,14,3.053333333,472.8333333,3.7,920,1000,1120,1220,1300,1250,1250,900,83.96,11730,92.58,5.52,12.01,23.7,62.22,63.02
31-Oct,194,14.95,3.91,150,14,3.063333333,487.3333333,3,820,1000,1150,1200,1280,1280,1250,900,82.68,11770,93.32,4.16,12.19,23.96,62.25,63.03
02-Nov,194,14.99,3.9,450,13,3,472.5,2.966666667,820,1000,1150,1200,1280,1280,1250,900,82.8,11810,92.89,5.4,12.16,24.29,62.18,63.08
26-Oct,192,12.96,3.87,450,14,3.056666667,473.1666667,3.4,820,1000,1150,1200,1260,1260,1250,900,83.05,11880,92.75,5.44,12.25,23.42,62.14,62.88
29-Nov,198,12.93,3.95,400,14,3.016666667,472.3333333,3.133333333,820,1100,1150,1220,1300,1290,1250,900,83.53,11910,93.4,5.68,12.11,23.06,62.19,63.2
28-Nov,200,12.95,3.93,400,15,2.99,472.8333333,3.416666667,820,1000,1150,1220,1300,1290,1250,900,82.64,11970,92.63,5.27,12,23.36,62.13,63.02
03-Jun,200,14.99,4,480,13,3.126666667,471.6666667,3.166666667,850,1040,1140,1200,1200,1200,1160,900,,12005,93.62,4.62,11.45,23.24,61.69,62.46
04-Nov,193,14.99,3.92,150,13,2.816666667,514.8333333,2.866666667,820,1000,1150,1200,1280,1280,1250,900,63.37,12005,92.84,5.41,12.21,23.94,62.2,62.66
19-Feb,186,14.99,3.92,420,13,3.325,480,3.366666667,900,1000,1100,1200,1280,1280,1280,900,83.89,12005,92.9,5.35,12.09,24.17,62.02,62.75
02-Jun,202,14.99,4,480,13,3.093333333,462,3.183333333,850,1040,1140,1200,1200,1200,1160,900,,12010,93.82,4.44,11.42,23.21,61.97,62.69
06-Jun,201,14.99,4,480,13,3.15,470,3.266666667,850,1040,1140,1200,1200,1200,1160,900,,12010,93.78,4.56,11.63,23.05,62.11,63.04
25-May,206,24.98,4,480,13,3.083333333,442,3.066666667,850,1040,1140,1200,1200,1200,1166.666667,900,,12010,94.17,4.05,11.41,23.02,62.09,62.82
26-May,202,14.98,4,480,13,3.133333333,461.6666667,2.966666667,850,1040,1140,1200,1200,1200,1153.333333,900,,12015,93.88,4.48,11.4,23.08,62.17,63.05
04-Jun,201,14.98,4,480,13,3.13,463.1666667,3.1,850,1040,1140,1200,1200,1180,1160,900,,12015,93.76,4.49,11.53,23.25,61.83,62.58
05-Jun,200,14.98,4,480,13,3.106666667,505.8333333,3.3,850,1040,1140,1200,1200,1200,1160,900,,12015,93.67,4.62,11.31,23.36,62.08,62.86
27-Oct,195,12.98,3.91,400,15,3.04,475.8333333,3.5,880,1000,1150,1200,1260,1260,1250,900,83.14,12015,92.64,5.6,12.03,23.83,62.04,62.83
10-Nov,195,17,3.83,380,14,3.116666667,493.5,3.3,820,1000,1150,1250,1280,1280,1250,900,63.7,12015,92.98,5.16,12.13,23.51,62.26,63.35
19-May,200,17.05,4.16,480,12,2.856666667,479.6666667,3.166666667,850,1040,1150,1223.333333,1240,1240,1186.666667,900,,12020,93.94,4.32,11.27,22.86,62.29,63.14
10-Dec,186,13,3.91,450,14,2.753333333,488.1666667,3.4,900,1000,1100,1200,1280,1250,1250,900,84.88,12020,92.66,5.42,12.15,23.46,62.12,63.1
28-May,200,14.97,3.99,480,12,2.983333333,475,3.25,850,1040,1140,1200,1200,1200,1153.333333,900,,12025,93.75,4.64,11.33,23.31,62.21,62.95
07-Dec,191,12.96,3.9,350,12,3.103333333,483.1666667,3.033333333,900,1050,1200,1250,1300,1250,1250,900,81.18,12040,93.13,5.2,12.26,23.96,62.19,63.14
07-Jun,203,15.02,3.98,485,13,3.146666667,466,3.533333333,850,1040,1140,1200,1200,1200,1150,900,,12050,93.91,4.38,11.62,23.16,62.41,63.21
20-Feb,188,14.94,3.98,420,13,3.01,457,3.566666667,900,1000,1100,1200,1280,1280,1280,900,83.67,12050,92.95,5.38,12.22,24.29,61.92,62.61
08-Jun,204,15.01,3.98,485,13,3.1,476.8333333,3.7,850,1040,1140,1200,1200,1200,1150,900,,12055,93.95,4.34,11.59,23.03,62.71,63.57
02-Dec,188,12.94,3.9,400,15,3.003333333,480,3.25,835,1000,1150,1230,1303.333333,1250,1250,900,84.65,12055,92.7,5.42,12.22,23.79,62.17,62.92
06-Dec,188,14,3.81,450,14,3.016666667,477.8333333,3.6,900,1020,1150,1230,1300,1250,1250,900,80.65,12070,93.06,5.19,12.33,24.21,62.18,62.79
01-Jun,203,15,3.98,485,12,3.083333333,507.1666667,3.233333333,850,1040,1140,1200,1200,1200,1160,900,,12075,93.87,4.49,11.52,23.17,62.32,62.96
09-Nov,196,16.98,3.89,320,14,3.066666667,500.1666667,3.066666667,820,1000,1150,1230,1240,1260,1250,900,64.11,12075,92.98,5.39,12.2,23.37,62.24,63.22
01-Nov,196,14.99,3.98,450,13,3.053333333,491.3333333,2.933333333,820,1000,1150,1200,1280,1280,1250,900,81.72,12075,93.32,4.85,12.05,23.93,62.2,63.2
29-Oct,194,13,3.89,300,13,2.996666667,493.1666667,2.866666667,820,1000,1150,1240,1300,1300,1250,900,83.02,12080,93.16,5.41,12.28,24.05,62.12,62.7
27-May,201,14.97,3.97,490,12,3.116666667,462,3.1,850,1040,1140,1200,1200,1200,1150,900,,12090,93.61,4.7,11.3,23.05,62.29,63.2
09-Jun,204,14.96,3.97,485,13,3.113333333,470,3.7,850,1040,1140,1200,1200,1200,1160,900,,12095,93.87,4.32,11.64,23.14,62.43,63.33
12-Nov,189,17.02,3.88,300,14,2.51,476.6666667,3,820,1000,1150,1250,1280,1280,1250,900,63.12,12105,92.83,5.19,12.14,23.83,62.18,63.14
17-Feb,188,14.87,3.97,300,13,3.103333333,488.1666667,3.433333333,900,1000,1100,1200,1250,1280,1280,900,84.26,12105,92.91,5.34,11.9,23.73,61.93,62.59
15-Feb,185,15,3.97,400,13,2.906666667,501.3333333,3.2,900,1000,1113.333333,1200,1256.666667,1280,1280,900,84.3,12105,92.29,5.91,11.82,24.22,61.79,62.42
28-Oct,195,12.99,3.95,300,15,3.05,490,3.4,880,1000,1150,1213.333333,1280,1273.333333,1250,900,82.81,12160,92.75,5.53,12.07,23.72,62.04,62.85
31-May,204,15.01,4.02,490,12,3.083333333,471.5,3.3,850,1040,1140,1200,1200,1200,1160,900,,12195,93.8,4.43,11.61,23.2,62.39,63.07
05-May,203,12.99,4,430,12,3.253333333,456,3.45,850,1050,1150,1120,1240,1240,1233.333333,900,,12240,93.93,4.32,11.34,22.99,61.1,61.96
14-Dec,184,11.99,3.92,400,12,2.953333333,492,3.15,900,1030,1130,1230,1280,1270,1250,900,83.27,12260,92.59,5.63,12.28,23.86,62.01,62.95
13-Nov,190,17,3.94,260,14,3.156666667,457.6666667,3,830,983.3333333,1083.333333,1150,1170,1170,1150,900,77.33666667,12440,93.37,4.92,12.03,23.48,62.13,62.96
12-Dec,192,12.47,3.92,400,14,3.063333333,478,3.483333333,900,1000,1130,1230,1286.666667,1250,1250,900,83.53,12510,92.77,5.44,12.28,23.94,62.01,62.86
03-Oct,191,11.01,3.9,400,15,3.166666667,505,3.2,930,1050,1150,1120,1236.66,1286.66,1250,900,82.27,13075,92.41,5.55,12.41,23.5,62.24,63.29
10-Oct,188,13,3.9,450,13,3.183333333,493,3.2,920,1020,1150,1230,1300,1300,1250,900,84.86,13090,92.79,4.75,12.5,23.07,62.12,62.92
9/28/2023,197,11,3.89,500,12.92,3.15,500,3.2,930,1050,1150,1240,1280,1280,1250,900,82.92,13095,93.15,5.04,12.41,23.28,62.33,63.28
9/29/2023,196,11,3.92,500,12.54,3.15,500,3.4,930,1050,1150,1240,1280,1280,1250,900,82.59,13275,92.97,4.95,12.25,23.62,62.27,63.34
9/30/2023,194,11.08,3.89,525,13.5,3.15,505.5,3.2,930,1050,1150,1240,1280,1280,1250,900,83.43,13355,93.08,4.89,12.07,23.96,62.31,63.28
15-Mar,192,15,5.06,0,16,3.056666667,487.3333333,3.483333333,983.3333333,1026.666667,1116.666667,1226.666667,1266.666667,1246.666667,1183.333333,896.6666667,86.11511111,3560,92.79,5.31,12.24,23.83,61.8,62.77
21-Dec,192,11.92,3.95,500,15,2.806666667,492.6666667,3.2,900,1026.666667,1116.666667,1226.666667,1266.666667,1246.666667,1183.333333,896.6666667,86.94,11405,93.54,4.93,12.09,23.9,61.92,62.79
22-Dec,187,12,4,400,14,2.7,503,3.4,933.3333333,1043.333333,1133.333333,1236.666667,1280,1260,1166.666667,896.6666667,86.64,12005,93.75,4.69,11.96,23.9,61.85,62.71
29-May,203,15.02,3.98,485,12,3.1,463.1666667,3.266666667,850,1040,1140,1200,1200,1200,1160,896.6666667,,12050,93.94,4.4,11.57,22.67,62.18,62.83
26-Dec,187,11.77,3.98,350,15,3.023333333,485.3333333,3.45,930,1030,1150,1240,1280,1250,1180,896.6666667,86.66,12065,93.76,4.35,12.07,23.82,61.8,62.75
01-Oct,192,11.01,3.92,500,13,2.953333333,478,3.2,983.3333333,1026.666667,1116.666667,1226.666667,1266.666667,1246.666667,1183.333333,896.6666667,83.2,13530,92.85,4.94,12.25,23.47,62.25,63.24
23-Oct,194,13,3.93,350,15,2.81,479.5,3.333333333,846.6666667,1000,1150,1200,1260,1260,1250,893.3333333,82.39,11210,93.39,4.7,12.31,23.58,62.29,62.95
06-May,198,13.01,3.98,420,13,3.256666667,448,3.233333333,850,1050,1150,1220,1240,1240,1233.333333,893.3333333,,12070,93.71,4.46,11.29,23.27,61.27,62.04
07-Oct,193,12.93,3.93,500,13,2.916666667,492.8333333,3.033333333,920,1020,1150,1230,1260,1260,1250,893.3333333,85.13,13220,93.39,4.76,12.16,23.73,62.1,63.31
28-Dec,188,11.99,6,220,16,2.716666667,494,3.45,930,1030,1150,1250,1280,1250,1180,890,86.46,11005,93.55,4.59,12.03,23.6,61.77,62.69
27-Dec,189,11.89,3.99,350,15,2.916666667,494,3.45,930,1030,1150,1240,1280,1250,1180,890,86.58,11020,93.39,4.42,12,23.74,61.83,62.77
19-Dec,187,12.15,3.99,200,15,2.94,498.8333333,2.95,900,1033.333333,1113.333333,1230,1280,1280,1250,890,86.02,11280,93.17,5.09,12.24,24.1,62.12,63.02
20-Dec,189,12.1,3.92,500,15,2.823333333,509.6666667,3.066666667,900,1030,1110,1230,1280,1280,1200,890,85.8,11485,93.2,5.12,12.2,24.2,62.08,62.89
05-Jan,191,12.8,6.4,0,15,3.033333333,506.6666667,3.383333333,933.3333333,1033.333333,1143.333333,1250,1276.666667,1216.666667,1130,886.6666667,83.31,11715,93.16,4.82,12.08,23.65,61.98,62.76
11-Oct,190,13,3.89,215.6285714,14,3.11,491.5,3.2,920,1020,1150,1250,1286.666667,1286.666667,1250,886.6666667,79.87,11840,92.36,5.31,12.34,23.43,62.24,62.84
29-Dec,191,11.97,5.94,0,15,2.766666667,495.6666667,3.433333333,930,1030,1150,1250,1280,1250,1176.666667,886.6666667,86.12,12285,93.45,4.66,12.01,23.83,61.74,62.48
09-Oct,189,12.95,3.91,500,13,3.096666667,490.6666667,3.166666667,920,1020,1150,1230,1286.666667,1286.67,1250,886.6666667,84.71,13055,92.62,4.79,12.12,23.92,62.14,63.23
20-Oct,194,12.99,3.92,400,17,2.806666667,475.3333333,2.533333333,900,1000,1150,1200,1286.666667,1286.67,1250,883.3333333,84.69,10470,93.22,4.85,12.3,23.9,62.15,63.06
07-Nov,194,15,3.94,260,13,2.923333333,490,2.966666667,820,1000,1150,1200,1226.666667,1280,1250,883.3333333,64.54,11935,93.4,4.92,12.05,23.31,62.17,62.99
12-Oct,190,12.94,3.8,150,14,3.183333333,492.5,3.4,906.6666667,1006.666667,1150,1216.666667,1273.333333,1273.33,1250,880,78.91,5795,92.62,5.14,12.72,23.98,61.97,62.69
14-Oct,196,12.94,3.91,425,15,2.863333333,505,3.2,900,1000,1150,1200,1280,1280,1250,880,83.37,10745,92.61,5.52,12.42,24.1,61.97,62.76
22-Oct,194,13,3.97,400,15,2.916666667,475.1666667,2.933333333,900,1000,1150,1200,1260,1260,1250,880,82.74,11080,93.69,4.74,12.04,23.83,62.25,63.26
24-Dec,186,11.91,3.91,350,17,2.566666667,511.1666667,3.4,950,1050,1150,1240,1280,1250,1170,880,83.46,11250,93.27,5.05,12.23,23.86,61.85,62.85
21-Oct,194,12.98,3.81,450,16,3.013333333,477.5,2.6,900,1000,1150,1200,1266.666667,1266.7,1250,880,81.09,11555,93.21,5.33,12.22,23.88,62.16,63.1
04-Jan,188,12.91,6.41,142,15,3.086666667,516.1666667,3.35,930,1030,1150,1250,1280,1250,1170,880,83.26,12005,93.27,4.83,12.03,23.94,61.91,62.73
25-Dec,187,11.73,3.91,400,16,2.953333333,491,3.333333333,940,1040,1150,1240,1280,1250,1170,880,86.38,12025,93.48,4.85,12.07,23.52,61.87,62.86
01-Jan,188,12,5.96,180,14,2.9,494,3.5,930,1030,1150,1250,1280,1250,1170,880,84.94,12245,93.23,5.14,12.01,23.81,61.83,62.62
02-Jan,188,12.02,6.01,169,15,3.01,494.3333333,3.466666667,930,1030,1150,1250,1280,1250,1170,880,84.88,12315,93.73,4.75,12.2,23.76,62,62.65
30-Dec,190,11.84,6,191.1960714,15,3.046666667,480,3.416666667,930,1030,1150,1250,1280,1250,1170,880,85.62,12335,93.67,4.89,12.11,23.55,61.72,62.54
31-Dec,187,11.81,5.99,0,15,3.01,505,3.466666667,930,1030,1150,1250,1280,1250,1170,880,86.01,12360,93.22,4.87,12.08,23.64,61.79,62.65
03-Jan,187,12.89,6.44,0,14,3.06,513.8333333,3.316666667,926.6666667,1030,1140,1250,1273.333333,1250,1170,880,84.73,12570,93.48,4.8,12.25,23.99,62.1,62.74
08-Oct,192,12.93,3.96,475,13,3.063333333,477.8333333,2.933333333,920,1020,1150,1230,1260,1260,1250,880,84.59,13375,93.5,4.74,12.05,23.64,62.2,63.29
17-Dec,199,12.2,3.82,400,14,2.95,480.5,2.833333333,866.6666667,1030,1130,1230,1280,1280,1250,876.6666667,86.46,12050,93.65,4.98,12.18,23.31,62.13,63.03
17-Oct,195,12.99,3.82,400,14,3.01,466.1666667,3.233333333,900,1000,1150,1200,1280,1280,1250,850,82.03,11005,93.55,4.68,12.28,23.56,62.03,62.43
05-Nov,193,15,3.93,150,14,3,486.8333333,2.783333333,820,1000,1150,1213.333333,1266.666667,1280,1250,833.3333333,64.48,12470,92.84,5.14,12.13,23.52,62.19,62.81
06-Nov,193,15,3.99,200,14,3.096666667,517,2.833333333,820,1000,1150,1200,1260,1280,1250,800,63.96,12040,92.5,5.48,12.09,23.39,62.15,62.85
08-Nov,192,16.94,3.92,320,13,2.953333333,486.8333333,3.033333333,820,1000,1150,1210,1253.333333,1273.333333,1250,800,64.52,12515,92.83,5.39,12.1,23.42,62.19,63.1
8/14/2022,206,13.79,4.39,375,14.01,2.583333333,485,2.9,900,1020,1120,1220,1260,1280,1300,,,9575,94.12,4.37,12.15,22.28,62.87,63.68
